category,id,component,canonical_source,reference_art,design,required_variants,art_status,runtime_status,production_outstanding,scope
screen,title,Title / attract / main menu,game/Main*.cs,ui/title-backdrop.png;ui/interface-atlas.png;ui/branding-announcements.png,Stacked STRIKE LEDGER wordmark; original foundry exhibition; readable menu strip,title idle;keyboard focus;pad focus;mouse hover,assigned_design_reference,not_integrated,Extract reusable panels; rebuild text with verified font/glyphs; adapt full layout at 640x360; verify every focus path,current_contract
screen,select,Lineup and super-art selection,game/Main*.cs,ui/menu-designs.png;ui/interface-atlas.png;fighters/rook/identity.png;fighters/vale/identity.png,"Two corner cards with portraits, fighter name, archetype, three named arts and numeric costs",local;CPU;training;mirror match;P1/P2;selected art;device assignment,assigned_design_reference,not_integrated,Extract reusable panels; rebuild text with verified font/glyphs; adapt full layout at 640x360; verify every focus path,current_contract
screen,prep,Local round preparation,game/Main*.cs,ui/menu-designs.png;ui/lease-icons.png;ui/hud-atlas.png,Independent procurement cards; three lease slots; budget calculation; lock stamp,empty;selected;unaffordable;reserve protected;locked;timeout;both revealed,assigned_design_reference,not_integrated,Extract reusable panels; rebuild text with verified font/glyphs; adapt full layout at 640x360; verify every focus path,current_contract
screen,fight,Fight arena,game/Main*.cs,stages/foundry.png;ui/hud-atlas.png;effects/combat-atlas.png;ui/branding-announcements.png,Quiet background behind large silhouettes; health and cash remain readable,CPU;local;private;normal/mirror;round lifecycle,assigned_design_reference,not_integrated,Extract reusable panels; rebuild text with verified font/glyphs; adapt full layout at 640x360; verify every focus path,current_contract
screen,results,Match settlement,game/Main*.cs,ui/menu-designs.png;fighters/rook/identity.png;fighters/vale/identity.png;ui/branding-announcements.png,Receipt-like final points and credits with winner portrait and rematch controls,P1 win;P2 win;draw;rematch;lineup;replay saved,assigned_design_reference,not_integrated,Extract reusable panels; rebuild text with verified font/glyphs; adapt full layout at 640x360; verify every focus path,current_contract
screen,pause,Pause menu,game/Main*.cs,ui/interface-atlas.png;ui/menu-designs.png;ui/system-designs.png,Dark translucent scrim; compact resume-first menu,local;private pause;controller disconnected,assigned_design_reference,not_integrated,Extract reusable panels; rebuild text with verified font/glyphs; adapt full layout at 640x360; verify every focus path,current_contract
screen,help,Field manual,game/Main*.cs,ui/interface-atlas.png;ui/typography.png,"Legible printed workshop manual; diagrams for motion, defense and single wallet",controls;motions;charge;economy;free kit;page/footer,assigned_design_reference,not_integrated,Extract reusable panels; rebuild text with verified font/glyphs; adapt full layout at 640x360; verify every focus path,current_contract
screen,moves,Command reference,game/Main*.cs,ui/interface-atlas.png;ui/typography.png,"Fixed columns for move, relative command, startup/active/recovery and credit cost",Rook/Vale;5 pages each;free;EX;selected/unselected super;lease-only,assigned_design_reference,not_integrated,Extract reusable panels; rebuild text with verified font/glyphs; adapt full layout at 640x360; verify every focus path,current_contract
screen,settings,Preferences,game/Main*.cs,ui/interface-atlas.png;ui/typography.png;ui/system-designs.png,Volume sliders and clear text/shape toggle states,master;music;SFX;reduced flashes;shake;fullscreen;resolution;VSync,assigned_design_reference,not_integrated,Extract reusable panels; rebuild text with verified font/glyphs; adapt full layout at 640x360; verify every focus path,current_contract
screen,controls,Controls and live device test,game/Main*.cs,ui/interface-atlas.png;ui/typography.png;ui/system-designs.png,Separate player/device cards; six attack buttons; raw input and SOCD display,keyboard;controller;binding capture;deadzone;connected;disconnected;unassigned,assigned_design_reference,not_integrated,Extract reusable panels; rebuild text with verified font/glyphs; adapt full layout at 640x360; verify every focus path,current_contract
screen,replays,Replay archive,game/Main*.cs,ui/interface-atlas.png;ui/menu-designs.png;ui/system-designs.png,Tape-catalog rows with date/name and verification status,empty;populated;selected;malformed/rejected,assigned_design_reference,not_integrated,Extract reusable panels; rebuild text with verified font/glyphs; adapt full layout at 640x360; verify every focus path,current_contract
screen,replay_controls,Replay controls,game/Main*.cs,ui/interface-atlas.png;ui/typography.png;ui/system-designs.png,Transport controls and optional analytic overlays,play/pause;single step;seek;restart;0.5x/1x/2x;inputs;boxes;receipts;export,assigned_design_reference,not_integrated,Extract reusable panels; rebuild text with verified font/glyphs; adapt full layout at 640x360; verify every focus path,current_contract
screen,labmenu,Training menu,game/Main*.cs,ui/interface-atlas.png;ui/menu-designs.png;ui/system-designs.png,Workshop panel; plainly marked training-only controls,drill;reset;swap sides;checkpoint;record/stop dummy;loop;dummy mode;export,assigned_design_reference,not_integrated,Extract reusable panels; rebuild text with verified font/glyphs; adapt full layout at 640x360; verify every focus path,current_contract
screen,lab_state,Training state editor,game/Main*.cs,ui/interface-atlas.png;ui/typography.png;ui/system-designs.png,Two player columns of exact health/stun/credit/position values,P1/P2;state increments;0.25x/0.5x/1x;return to practice,assigned_design_reference,not_integrated,Extract reusable panels; rebuild text with verified font/glyphs; adapt full layout at 640x360; verify every focus path,current_contract
screen,network_menu,Private host / join,game/Main*.cs,ui/interface-atlas.png;ui/menu-designs.png;ui/system-designs.png,"Private connection form with address, port, phrase and lineup",host;join;valid/invalid fields;pad text entry,assigned_design_reference,not_integrated,Extract reusable panels; rebuild text with verified font/glyphs; adapt full layout at 640x360; verify every focus path,current_contract
screen,network,Connecting screen,game/Main*.cs,ui/interface-atlas.png;ui/system-designs.png,Small stepped connection glyph plus plain peer diagnostic,connecting;waiting for peer;cancel,assigned_design_reference,not_integrated,Extract reusable panels; rebuild text with verified font/glyphs; adapt full layout at 640x360; verify every focus path,current_contract
screen,network_prep,Private round preparation,game/Main*.cs,ui/menu-designs.png;ui/lease-icons.png;ui/system-designs.png,Only own draft shown; commitment/reveal explanation,unlocked;unaffordable;reserve;lock;timeout,assigned_design_reference,not_integrated,Extract reusable panels; rebuild text with verified font/glyphs; adapt full layout at 640x360; verify every focus path,current_contract
screen,network_wait,Commitment sent / waiting reveal,game/Main*.cs,ui/interface-atlas.png;ui/hud-atlas.png;ui/system-designs.png,Closed ledger seal with waiting text; no opponent draft exposure,commitment sent;waiting reveal;diagnostics,assigned_design_reference,not_integrated,Extract reusable panels; rebuild text with verified font/glyphs; adapt full layout at 640x360; verify every focus path,current_contract
screen,network_failed,Connection ended,game/Main*.cs,ui/interface-atlas.png;ui/system-designs.png,"Broken-link glyph, reason, reconnect and back",aborted;disconnected;desync;no incomplete-round payout,assigned_design_reference,not_integrated,Extract reusable panels; rebuild text with verified font/glyphs; adapt full layout at 640x360; verify every focus path,current_contract
screen,pad_text,Controller text editor,game/Main*.cs,ui/interface-atlas.png;ui/typography.png;ui/system-designs.png,Grid keys and high-contrast caret; large backspace/clear/done targets,numeric/IP;match phrase;focus;pressed;empty;max length,assigned_design_reference,not_integrated,Extract reusable panels; rebuild text with verified font/glyphs; adapt full layout at 640x360; verify every focus path,current_contract
hud,portrait,Corner portrait,game/Main.cs;game/Main.PrepDetails.cs;game/Main.LabDiagnostics.cs;game/Main.ReplayDetails.cs;docs/11_UI_CONTROLS_AND_ACCESSIBILITY.md,ui/hud-atlas.png;ui/typography.png;fighters/rook/identity.png;fighters/vale/identity.png,Crop identity bust; separate corner frame,P1/P2;Rook/Vale;mirror,assigned_design_reference,not_integrated,Isolate tile/frame; author numeric layout and every state; preserve canonical values and safe areas,current_contract
hud,fighter_name,Fighter label,game/Main.cs;game/Main.PrepDetails.cs;game/Main.LabDiagnostics.cs;game/Main.ReplayDetails.cs;docs/11_UI_CONTROLS_AND_ACCESSIBILITY.md,ui/hud-atlas.png;ui/typography.png,Cream uppercase beside permanent corner shape,Rook;Vale;P1/P2,assigned_design_reference,not_integrated,Isolate tile/frame; author numeric layout and every state; preserve canonical values and safe areas,current_contract
hud,health_frame,Health bar frame,game/Main.cs;game/Main.PrepDetails.cs;game/Main.LabDiagnostics.cs;game/Main.ReplayDetails.cs;docs/11_UI_CONTROLS_AND_ACCESSIBILITY.md,ui/hud-atlas.png;ui/typography.png,Thin angular frame; inward-facing fills,P1/P2,assigned_design_reference,not_integrated,Isolate tile/frame; author numeric layout and every state; preserve canonical values and safe areas,current_contract
hud,health_fill,Health fill and empty track,game/Main.cs;game/Main.PrepDetails.cs;game/Main.LabDiagnostics.cs;game/Main.ReplayDetails.cs;docs/11_UI_CONTROLS_AND_ACCESSIBILITY.md,ui/hud-atlas.png;ui/typography.png,"Single health resource, readable by occupied length",full;partial;empty;P1/P2,assigned_design_reference,not_integrated,Isolate tile/frame; author numeric layout and every state; preserve canonical values and safe areas,current_contract
hud,stun,Nonspendable stun indication,game/Main.cs;game/Main.PrepDetails.cs;game/Main.LabDiagnostics.cs;game/Main.ReplayDetails.cs;docs/11_UI_CONTROLS_AND_ACCESSIBILITY.md,ui/hud-atlas.png;ui/typography.png,STUN text and numeric value; optional separated diagnostic ticks,0;partial;dizzy threshold,assigned_design_reference,not_integrated,Isolate tile/frame; author numeric layout and every state; preserve canonical values and safe areas,current_contract
hud,score,Round points,game/Main.cs;game/Main.PrepDetails.cs;game/Main.LabDiagnostics.cs;game/Main.ReplayDetails.cs;docs/11_UI_CONTROLS_AND_ACCESSIBILITY.md,ui/hud-atlas.png;ui/typography.png,Round points as numerals or paired half-point pips,0;half points;5 target;draw,assigned_design_reference,not_integrated,Isolate tile/frame; author numeric layout and every state; preserve canonical values and safe areas,current_contract
hud,timer,Round timer,game/Main.cs;game/Main.PrepDetails.cs;game/Main.LabDiagnostics.cs;game/Main.ReplayDetails.cs;docs/11_UI_CONTROLS_AND_ACCESSIBILITY.md,ui/hud-atlas.png;ui/typography.png,Cream tabular numerals in central housing,00-99;paused;time out,assigned_design_reference,not_integrated,Isolate tile/frame; author numeric layout and every state; preserve canonical values and safe areas,current_contract
hud,round,Round number,game/Main.cs;game/Main.PrepDetails.cs;game/Main.LabDiagnostics.cs;game/Main.ReplayDetails.cs;docs/11_UI_CONTROLS_AND_ACCESSIBILITY.md,ui/hud-atlas.png;ui/typography.png,Small amber round caption under timer,1-9,assigned_design_reference,not_integrated,Isolate tile/frame; author numeric layout and every state; preserve canonical values and safe areas,current_contract
hud,wallet,Credit balance,game/Main.cs;game/Main.PrepDetails.cs;game/Main.LabDiagnostics.cs;game/Main.ReplayDetails.cs;docs/11_UI_CONTROLS_AND_ACCESSIBILITY.md,ui/hud-atlas.png;ui/typography.png,Large tabular number and CR suffix,0-3600;P1/P2,assigned_design_reference,not_integrated,Isolate tile/frame; author numeric layout and every state; preserve canonical values and safe areas,current_contract
hud,ex_affordability,EX availability,game/Main.cs;game/Main.PrepDetails.cs;game/Main.LabDiagnostics.cs;game/Main.ReplayDetails.cs;docs/11_UI_CONTROLS_AND_ACCESSIBILITY.md,ui/hud-atlas.png;ui/typography.png,300 CR with filled diamond / open diamond / lock notch plus text,ready;low funds;reserve protected,assigned_design_reference,not_integrated,Isolate tile/frame; author numeric layout and every state; preserve canonical values and safe areas,current_contract
hud,super_affordability,Selected super,game/Main.cs;game/Main.PrepDetails.cs;game/Main.LabDiagnostics.cs;game/Main.ReplayDetails.cs;docs/11_UI_CONTROLS_AND_ACCESSIBILITY.md,ui/hud-atlas.png;ui/typography.png,Named art and cost with discrete shape state,art1/2/3;900/1200/1500;ready;low;reserve,assigned_design_reference,not_integrated,Isolate tile/frame; author numeric layout and every state; preserve canonical values and safe areas,current_contract
hud,reserve,Reserve floor,game/Main.cs;game/Main.PrepDetails.cs;game/Main.LabDiagnostics.cs;game/Main.ReplayDetails.cs;docs/11_UI_CONTROLS_AND_ACCESSIBILITY.md,ui/hud-atlas.png;ui/typography.png,Small lock/floor mark with numeric amount beside wallet,0;set;blocking activation,assigned_design_reference,not_integrated,Isolate tile/frame; author numeric layout and every state; preserve canonical values and safe areas,current_contract
hud,lease_slots,Equipped round leases,game/Main.cs;game/Main.PrepDetails.cs;game/Main.LabDiagnostics.cs;game/Main.ReplayDetails.cs;docs/11_UI_CONTROLS_AND_ACCESSIBILITY.md,ui/hud-atlas.png;ui/typography.png;ui/lease-icons.png,Three distinct slot shapes with 12 original icons,signature;technique;gambit;empty;base kit,assigned_design_reference,not_integrated,Isolate tile/frame; author numeric layout and every state; preserve canonical values and safe areas,current_contract
hud,spend_receipt,Reason-tagged debit,game/Main.cs;game/Main.PrepDetails.cs;game/Main.LabDiagnostics.cs;game/Main.ReplayDetails.cs;docs/11_UI_CONTROLS_AND_ACCESSIBILITY.md,ui/hud-atlas.png;ui/typography.png,Compact receipt near cash; minus numeral; never contact center,EX;SUPER;MOVE;P1/P2,assigned_design_reference,not_integrated,Isolate tile/frame; author numeric layout and every state; preserve canonical values and safe areas,current_contract
hud,rejection,Credit rejection,game/Main.cs;game/Main.PrepDetails.cs;game/Main.LabDiagnostics.cs;game/Main.ReplayDetails.cs;docs/11_UI_CONTROLS_AND_ACCESSIBILITY.md,ui/hud-atlas.png;ui/typography.png,Outline lock/rejected stamp with reason text; subtle rate-limited cue,insufficient credits;reserve protected,assigned_design_reference,not_integrated,Isolate tile/frame; author numeric layout and every state; preserve canonical values and safe areas,current_contract
hud,settlement,Confirmed round payout,game/Main.cs;game/Main.PrepDetails.cs;game/Main.LabDiagnostics.cs;game/Main.ReplayDetails.cs;docs/11_UI_CONTROLS_AND_ACCESSIBILITY.md,ui/hud-atlas.png;ui/typography.png,Receipt addition only after confirmed round settlement,win;loss recovery tiers;draw;cap,assigned_design_reference,not_integrated,Isolate tile/frame; author numeric layout and every state; preserve canonical values and safe areas,current_contract
hud,preparation_budget,Preparation balance preview,game/Main.cs;game/Main.PrepDetails.cs;game/Main.LabDiagnostics.cs;game/Main.ReplayDetails.cs;docs/11_UI_CONTROLS_AND_ACCESSIBILITY.md,ui/hud-atlas.png;ui/typography.png,Exact numeric arithmetic and assumption caption,plan cost;after lock;win/loss projection,assigned_design_reference,not_integrated,Isolate tile/frame; author numeric layout and every state; preserve canonical values and safe areas,current_contract
hud,floor_markers,Player floor markers,game/Main.cs;game/Main.PrepDetails.cs;game/Main.LabDiagnostics.cs;game/Main.ReplayDetails.cs;docs/11_UI_CONTROLS_AND_ACCESSIBILITY.md,ui/hud-atlas.png;ui/typography.png,Shape-coded feet location separate from fighter palette,P1 triangle;P2 notched chevron,assigned_design_reference,not_integrated,Isolate tile/frame; author numeric layout and every state; preserve canonical values and safe areas,current_contract
hud,match_footer,Match rule and pause hint,game/Main.cs;game/Main.PrepDetails.cs;game/Main.LabDiagnostics.cs;game/Main.ReplayDetails.cs;docs/11_UI_CONTROLS_AND_ACCESSIBILITY.md,ui/hud-atlas.png;ui/typography.png,Narrow quiet footer,first to5;max9;keyboard;controller,assigned_design_reference,not_integrated,Isolate tile/frame; author numeric layout and every state; preserve canonical values and safe areas,current_contract
hud,network_diagnostic,Private match status,game/Main.cs;game/Main.PrepDetails.cs;game/Main.LabDiagnostics.cs;game/Main.ReplayDetails.cs;docs/11_UI_CONTROLS_AND_ACCESSIBILITY.md,ui/hud-atlas.png;ui/typography.png,Link glyph and plain diagnostic values,connected;delay frames;rollback count;stall,assigned_design_reference,not_integrated,Isolate tile/frame; author numeric layout and every state; preserve canonical values and safe areas,current_contract
hud,toast,Toast / validation / save notice,game/Main.cs;game/Main.PrepDetails.cs;game/Main.LabDiagnostics.cs;game/Main.ReplayDetails.cs;docs/11_UI_CONTROLS_AND_ACCESSIBILITY.md,ui/hud-atlas.png;ui/typography.png,Bounded panel below HUD without hiding contact,info;success;rejected;disconnect,assigned_design_reference,not_integrated,Isolate tile/frame; author numeric layout and every state; preserve canonical values and safe areas,current_contract
hud,training_footer,Training controls/status strip,game/Main.cs;game/Main.PrepDetails.cs;game/Main.LabDiagnostics.cs;game/Main.ReplayDetails.cs;docs/11_UI_CONTROLS_AND_ACCESSIBILITY.md,ui/hud-atlas.png;ui/typography.png,Clearly marked LAB with live input summary,live;paused;dummy;drill,assigned_design_reference,not_integrated,Isolate tile/frame; author numeric layout and every state; preserve canonical values and safe areas,current_contract
hud,input_history,Input history,game/Main.cs;game/Main.PrepDetails.cs;game/Main.LabDiagnostics.cs;game/Main.ReplayDetails.cs;docs/11_UI_CONTROLS_AND_ACCESSIBILITY.md,ui/hud-atlas.png;ui/typography.png,Direction glyph plus button token; retain timestamps,P1/P2;1-9;button/chord;press/release,assigned_design_reference,not_integrated,Isolate tile/frame; author numeric layout and every state; preserve canonical values and safe areas,current_contract
hud,lab_diagnostics,Frame and training diagnostics,game/Main.cs;game/Main.PrepDetails.cs;game/Main.LabDiagnostics.cs;game/Main.ReplayDetails.cs;docs/11_UI_CONTROLS_AND_ACCESSIBILITY.md,ui/hud-atlas.png;ui/typography.png,Compact table with tabular font; no ornamental numerals,startup/active/recovery;hitstun;blockstun;charge;combo;damage;advantage;parry;parsed/denied,assigned_design_reference,not_integrated,Isolate tile/frame; author numeric layout and every state; preserve canonical values and safe areas,current_contract
hud,drill_feedback,Drill status,game/Main.cs;game/Main.PrepDetails.cs;game/Main.LabDiagnostics.cs;game/Main.ReplayDetails.cs;docs/11_UI_CONTROLS_AND_ACCESSIBILITY.md,ui/hud-atlas.png;ui/typography.png,Distinct check/loop/clock shapes with text,in progress;complete;timeout/reset,assigned_design_reference,not_integrated,Isolate tile/frame; author numeric layout and every state; preserve canonical values and safe areas,current_contract
hud,replay_transport,Replay status strip,game/Main.cs;game/Main.PrepDetails.cs;game/Main.LabDiagnostics.cs;game/Main.ReplayDetails.cs;docs/11_UI_CONTROLS_AND_ACCESSIBILITY.md,ui/hud-atlas.png;ui/typography.png,Tape corner marker and exact tick numerals,verified playback;paused;tick;speed;end,assigned_design_reference,not_integrated,Isolate tile/frame; author numeric layout and every state; preserve canonical values and safe areas,current_contract
hud,wallet_graph,Replay wallet graph,game/Main.cs;game/Main.PrepDetails.cs;game/Main.LabDiagnostics.cs;game/Main.ReplayDetails.cs;docs/11_UI_CONTROLS_AND_ACCESSIBILITY.md,ui/hud-atlas.png;ui/typography.png,Recorded balance chart with labels and differing line markers,P1/P2;0-3600;ticks,assigned_design_reference,not_integrated,Isolate tile/frame; author numeric layout and every state; preserve canonical values and safe areas,current_contract
hud,replay_receipts,Replay spend receipts,game/Main.cs;game/Main.PrepDetails.cs;game/Main.LabDiagnostics.cs;game/Main.ReplayDetails.cs;docs/11_UI_CONTROLS_AND_ACCESSIBILITY.md,ui/hud-atlas.png;ui/typography.png,Transaction table using same receipt style,preparation;EX;super;settlement;rejected,assigned_design_reference,not_integrated,Isolate tile/frame; author numeric layout and every state; preserve canonical values and safe areas,current_contract
round_feedback,loadouts_locked,LOADOUTS LOCKED,game/Main.cs;src/StrikeLedger.Core/SimulationState.cs,ui/branding-announcements.png;ui/hud-atlas.png;ui/typography.png,"Condensed cream/amber lettering, offset ink shadow, bounded corner-rule frame",entry;hold;exit;reduced motion,assigned_design_reference,not_integrated,Typeset exact string and animate entry/hold/exit; bind only to real terminal reason; PERFECT is optional cosmetic derivation,current_contract
round_feedback,get_ready,GET READY,game/Main.cs;src/StrikeLedger.Core/SimulationState.cs,ui/branding-announcements.png;ui/hud-atlas.png;ui/typography.png,"Condensed cream/amber lettering, offset ink shadow, bounded corner-rule frame",entry;hold;exit;reduced motion,assigned_design_reference,not_integrated,Typeset exact string and animate entry/hold/exit; bind only to real terminal reason; PERFECT is optional cosmetic derivation,current_contract
round_feedback,fight,FIGHT,game/Main.cs;src/StrikeLedger.Core/SimulationState.cs,ui/branding-announcements.png;ui/hud-atlas.png;ui/typography.png,"Condensed cream/amber lettering, offset ink shadow, bounded corner-rule frame",entry;hold;exit;reduced motion,assigned_design_reference,not_integrated,Typeset exact string and animate entry/hold/exit; bind only to real terminal reason; PERFECT is optional cosmetic derivation,presentation_extension
round_feedback,k_o,K.O.,game/Main.cs;src/StrikeLedger.Core/SimulationState.cs,ui/branding-announcements.png;ui/hud-atlas.png;ui/typography.png,"Condensed cream/amber lettering, offset ink shadow, bounded corner-rule frame",entry;hold;exit;reduced motion,assigned_design_reference,not_integrated,Typeset exact string and animate entry/hold/exit; bind only to real terminal reason; PERFECT is optional cosmetic derivation,current_contract
round_feedback,time_out,TIME OUT,game/Main.cs;src/StrikeLedger.Core/SimulationState.cs,ui/branding-announcements.png;ui/hud-atlas.png;ui/typography.png,"Condensed cream/amber lettering, offset ink shadow, bounded corner-rule frame",entry;hold;exit;reduced motion,assigned_design_reference,not_integrated,Typeset exact string and animate entry/hold/exit; bind only to real terminal reason; PERFECT is optional cosmetic derivation,presentation_extension
round_feedback,draw,DRAW,game/Main.cs;src/StrikeLedger.Core/SimulationState.cs,ui/branding-announcements.png;ui/hud-atlas.png;ui/typography.png,"Condensed cream/amber lettering, offset ink shadow, bounded corner-rule frame",entry;hold;exit;reduced motion,assigned_design_reference,not_integrated,Typeset exact string and animate entry/hold/exit; bind only to real terminal reason; PERFECT is optional cosmetic derivation,presentation_extension
round_feedback,double_k_o,DOUBLE K.O.,game/Main.cs;src/StrikeLedger.Core/SimulationState.cs,ui/branding-announcements.png;ui/hud-atlas.png;ui/typography.png,"Condensed cream/amber lettering, offset ink shadow, bounded corner-rule frame",entry;hold;exit;reduced motion,assigned_design_reference,not_integrated,Typeset exact string and animate entry/hold/exit; bind only to real terminal reason; PERFECT is optional cosmetic derivation,presentation_extension
round_feedback,confirming_result,CONFIRMING RESULT,game/Main.cs;src/StrikeLedger.Core/SimulationState.cs,ui/branding-announcements.png;ui/hud-atlas.png;ui/typography.png,"Condensed cream/amber lettering, offset ink shadow, bounded corner-rule frame",entry;hold;exit;reduced motion,assigned_design_reference,not_integrated,Typeset exact string and animate entry/hold/exit; bind only to real terminal reason; PERFECT is optional cosmetic derivation,current_contract
round_feedback,round_settled,ROUND SETTLED,game/Main.cs;src/StrikeLedger.Core/SimulationState.cs,ui/branding-announcements.png;ui/hud-atlas.png;ui/typography.png,"Condensed cream/amber lettering, offset ink shadow, bounded corner-rule frame",entry;hold;exit;reduced motion,assigned_design_reference,not_integrated,Typeset exact string and animate entry/hold/exit; bind only to real terminal reason; PERFECT is optional cosmetic derivation,current_contract
round_feedback,match_complete,MATCH COMPLETE,game/Main.cs;src/StrikeLedger.Core/SimulationState.cs,ui/branding-announcements.png;ui/hud-atlas.png;ui/typography.png,"Condensed cream/amber lettering, offset ink shadow, bounded corner-rule frame",entry;hold;exit;reduced motion,assigned_design_reference,not_integrated,Typeset exact string and animate entry/hold/exit; bind only to real terminal reason; PERFECT is optional cosmetic derivation,current_contract
round_feedback,p1_wins,P1 WINS,game/Main.cs;src/StrikeLedger.Core/SimulationState.cs,ui/branding-announcements.png;ui/hud-atlas.png;ui/typography.png,"Condensed cream/amber lettering, offset ink shadow, bounded corner-rule frame",entry;hold;exit;reduced motion,assigned_design_reference,not_integrated,Typeset exact string and animate entry/hold/exit; bind only to real terminal reason; PERFECT is optional cosmetic derivation,presentation_extension
round_feedback,p2_wins,P2 WINS,game/Main.cs;src/StrikeLedger.Core/SimulationState.cs,ui/branding-announcements.png;ui/hud-atlas.png;ui/typography.png,"Condensed cream/amber lettering, offset ink shadow, bounded corner-rule frame",entry;hold;exit;reduced motion,assigned_design_reference,not_integrated,Typeset exact string and animate entry/hold/exit; bind only to real terminal reason; PERFECT is optional cosmetic derivation,presentation_extension
round_feedback,perfect,PERFECT,game/Main.cs;src/StrikeLedger.Core/SimulationState.cs,ui/branding-announcements.png;ui/hud-atlas.png;ui/typography.png,"Condensed cream/amber lettering, offset ink shadow, bounded corner-rule frame",entry;hold;exit;reduced motion,assigned_design_reference,not_integrated,Typeset exact string and animate entry/hold/exit; bind only to real terminal reason; PERFECT is optional cosmetic derivation,presentation_extension
round_feedback,replay_verified,REPLAY VERIFIED,game/Main.cs;src/StrikeLedger.Core/SimulationState.cs,ui/branding-announcements.png;ui/hud-atlas.png;ui/typography.png,"Condensed cream/amber lettering, offset ink shadow, bounded corner-rule frame",entry;hold;exit;reduced motion,assigned_design_reference,not_integrated,Typeset exact string and animate entry/hold/exit; bind only to real terminal reason; PERFECT is optional cosmetic derivation,presentation_extension
round_feedback,drill_complete,DRILL COMPLETE,game/Main.cs;src/StrikeLedger.Core/SimulationState.cs,ui/branding-announcements.png;ui/hud-atlas.png;ui/typography.png,"Condensed cream/amber lettering, offset ink shadow, bounded corner-rule frame",entry;hold;exit;reduced motion,assigned_design_reference,not_integrated,Typeset exact string and animate entry/hold/exit; bind only to real terminal reason; PERFECT is optional cosmetic derivation,presentation_extension
ui_component,button,Button,game/Main.Menus.cs;game/Main*.cs,ui/interface-atlas.png,"Hard pixel corners, ink/cream hierarchy, amber focus; shape and text supplement hue",normal;hover;pressed;focused;disabled,assigned_design_reference,not_integrated,Extract/export exact-size tiles; define slice insets and state mapping; app icon/pointer may need new small-size redraws,current_contract
ui_component,panel,Panel,game/Main.Menus.cs;game/Main*.cs,ui/interface-atlas.png,"Hard pixel corners, ink/cream hierarchy, amber focus; shape and text supplement hue",opaque;translucent;modal;two-corner,assigned_design_reference,not_integrated,Extract/export exact-size tiles; define slice insets and state mapping; app icon/pointer may need new small-size redraws,current_contract
ui_component,focus_cursor,Focus Cursor,game/Main.Menus.cs;game/Main*.cs,ui/interface-atlas.png,"Hard pixel corners, ink/cream hierarchy, amber focus; shape and text supplement hue",P1 triangle;P2 chevron;keyboard;pad,assigned_design_reference,not_integrated,Extract/export exact-size tiles; define slice insets and state mapping; app icon/pointer may need new small-size redraws,current_contract
ui_component,selection,Selection,game/Main.Menus.cs;game/Main*.cs,ui/interface-atlas.png,"Hard pixel corners, ink/cream hierarchy, amber focus; shape and text supplement hue",selected;unselected;locked,assigned_design_reference,not_integrated,Extract/export exact-size tiles; define slice insets and state mapping; app icon/pointer may need new small-size redraws,current_contract
ui_component,slider,Slider,game/Main.Menus.cs;game/Main*.cs,ui/interface-atlas.png,"Hard pixel corners, ink/cream hierarchy, amber focus; shape and text supplement hue",track;fill;thumb;focus;min/max,assigned_design_reference,not_integrated,Extract/export exact-size tiles; define slice insets and state mapping; app icon/pointer may need new small-size redraws,current_contract
ui_component,toggle,Toggle,game/Main.Menus.cs;game/Main*.cs,ui/interface-atlas.png,"Hard pixel corners, ink/cream hierarchy, amber focus; shape and text supplement hue",on;off;focus;unavailable,assigned_design_reference,not_integrated,Extract/export exact-size tiles; define slice insets and state mapping; app icon/pointer may need new small-size redraws,current_contract
ui_component,text_field,Text Field,game/Main.Menus.cs;game/Main*.cs,ui/interface-atlas.png,"Hard pixel corners, ink/cream hierarchy, amber focus; shape and text supplement hue",empty;filled;focused;caret;invalid,assigned_design_reference,not_integrated,Extract/export exact-size tiles; define slice insets and state mapping; app icon/pointer may need new small-size redraws,current_contract
ui_component,tab,Tab,game/Main.Menus.cs;game/Main*.cs,ui/interface-atlas.png,"Hard pixel corners, ink/cream hierarchy, amber focus; shape and text supplement hue",active;inactive;disabled,assigned_design_reference,not_integrated,Extract/export exact-size tiles; define slice insets and state mapping; app icon/pointer may need new small-size redraws,presentation_extension
ui_component,pagination,Pagination,game/Main.Menus.cs;game/Main*.cs,ui/interface-atlas.png,"Hard pixel corners, ink/cream hierarchy, amber focus; shape and text supplement hue",previous;next;current page/total,assigned_design_reference,not_integrated,Extract/export exact-size tiles; define slice insets and state mapping; app icon/pointer may need new small-size redraws,current_contract
ui_component,list_row,List Row,game/Main.Menus.cs;game/Main*.cs,ui/interface-atlas.png,"Hard pixel corners, ink/cream hierarchy, amber focus; shape and text supplement hue",normal;focused;disabled;empty,assigned_design_reference,not_integrated,Extract/export exact-size tiles; define slice insets and state mapping; app icon/pointer may need new small-size redraws,current_contract
ui_component,tooltip,Tooltip,game/Main.Menus.cs;game/Main*.cs,ui/interface-atlas.png,"Hard pixel corners, ink/cream hierarchy, amber focus; shape and text supplement hue",move property;lease tradeoff;price,assigned_design_reference,not_integrated,Extract/export exact-size tiles; define slice insets and state mapping; app icon/pointer may need new small-size redraws,presentation_extension
ui_component,scrollbar,Scrollbar,game/Main.Menus.cs;game/Main*.cs,ui/interface-atlas.png,"Hard pixel corners, ink/cream hierarchy, amber focus; shape and text supplement hue",track;thumb;arrows;focus,assigned_design_reference,not_integrated,Extract/export exact-size tiles; define slice insets and state mapping; app icon/pointer may need new small-size redraws,presentation_extension
ui_component,divider,Divider,game/Main.Menus.cs;game/Main*.cs,ui/interface-atlas.png,"Hard pixel corners, ink/cream hierarchy, amber focus; shape and text supplement hue",horizontal;vertical;corner rules,assigned_design_reference,not_integrated,Extract/export exact-size tiles; define slice insets and state mapping; app icon/pointer may need new small-size redraws,current_contract
ui_component,badge,Badge,game/Main.Menus.cs;game/Main*.cs,ui/interface-atlas.png,"Hard pixel corners, ink/cream hierarchy, amber focus; shape and text supplement hue",P1;P2;CPU;LAB;PRIVATE;REPLAY,assigned_design_reference,not_integrated,Extract/export exact-size tiles; define slice insets and state mapping; app icon/pointer may need new small-size redraws,current_contract
ui_component,status_icon,Status Icon,game/Main.Menus.cs;game/Main*.cs,ui/interface-atlas.png,"Hard pixel corners, ink/cream hierarchy, amber focus; shape and text supplement hue",success;warning;error;info;lock;unlock;ready;waiting,assigned_design_reference,not_integrated,Extract/export exact-size tiles; define slice insets and state mapping; app icon/pointer may need new small-size redraws,current_contract
ui_component,transport,Transport,game/Main.Menus.cs;game/Main*.cs,ui/interface-atlas.png,"Hard pixel corners, ink/cream hierarchy, amber focus; shape and text supplement hue",play;pause;record;stop;loop;step;rewind;forward;restart,assigned_design_reference,not_integrated,Extract/export exact-size tiles; define slice insets and state mapping; app icon/pointer may need new small-size redraws,current_contract
ui_component,device,Device,game/Main.Menus.cs;game/Main*.cs,ui/interface-atlas.png,"Hard pixel corners, ink/cream hierarchy, amber focus; shape and text supplement hue",keyboard;generic controller;connected;unplugged;unassigned;deadzone,assigned_design_reference,not_integrated,Extract/export exact-size tiles; define slice insets and state mapping; app icon/pointer may need new small-size redraws,current_contract
ui_component,navigation,Navigation,game/Main.Menus.cs;game/Main*.cs,ui/interface-atlas.png,"Hard pixel corners, ink/cream hierarchy, amber focus; shape and text supplement hue",back;confirm;cancel;left;right;up;down;swap,assigned_design_reference,not_integrated,Extract/export exact-size tiles; define slice insets and state mapping; app icon/pointer may need new small-size redraws,current_contract
ui_component,save_export,Save Export,game/Main.Menus.cs;game/Main*.cs,ui/interface-atlas.png,"Hard pixel corners, ink/cream hierarchy, amber focus; shape and text supplement hue",save;folder;replay tape;export;receipt,assigned_design_reference,not_integrated,Extract/export exact-size tiles; define slice insets and state mapping; app icon/pointer may need new small-size redraws,current_contract
ui_component,spinner,Spinner,game/Main.Menus.cs;game/Main*.cs,ui/interface-atlas.png,"Hard pixel corners, ink/cream hierarchy, amber focus; shape and text supplement hue",4 stepped phases;static reduced-motion state,assigned_design_reference,not_integrated,Extract/export exact-size tiles; define slice insets and state mapping; app icon/pointer may need new small-size redraws,current_contract
ui_component,app_icon,App Icon,game/Main.Menus.cs;game/Main*.cs,ui/interface-atlas.png;ui/branding-announcements.png,"Hard pixel corners, ink/cream hierarchy, amber focus; shape and text supplement hue",16;32;48;64;128;256px original ledger/ring mark,assigned_design_reference,not_integrated,Extract/export exact-size tiles; define slice insets and state mapping; app icon/pointer may need new small-size redraws,presentation_extension
ui_component,pointer,Pointer,game/Main.Menus.cs;game/Main*.cs,ui/interface-atlas.png,"Hard pixel corners, ink/cream hierarchy, amber focus; shape and text supplement hue",default;interactive;busy;OS cursor fallback,assigned_design_reference,not_integrated,Extract/export exact-size tiles; define slice insets and state mapping; app icon/pointer may need new small-size redraws,presentation_extension
typography_glyph,display_alphabet,Display Alphabet,data/inputs.json;game/Main*.cs,ui/typography.png;ui/interface-atlas.png,Display lettering for large labels; restrained legible body face and tabular numbers; no copied arcade logo,A-Z;0-9;STRIKE LEDGER wordmark;AFTER HOURS campaign subtitle,assigned_design_reference,not_integrated,Manually redraw/verify glyphs; assemble bitmap font or use licensed readable font; generated board is not a complete font file,current_contract
typography_glyph,body_alphabet,Body Alphabet,data/inputs.json;game/Main*.cs,ui/typography.png;ui/interface-atlas.png,Display lettering for large labels; restrained legible body face and tabular numbers; no copied arcade logo,ASCII U+0020-U+007E;upper/lowercase;tabular 0-9;punctuation,assigned_design_reference,not_integrated,Manually redraw/verify glyphs; assemble bitmap font or use licensed readable font; generated board is not a complete font file,current_contract
typography_glyph,extended_symbols,Extended Symbols,data/inputs.json;game/Main*.cs,ui/typography.png;ui/interface-atlas.png,Display lettering for large labels; restrained legible body face and tabular numbers; no copied arcade logo,←→↑↓↔;✓;●○;×;−;–;—;…;·;▌;±;≤≥;≥;percent;plus;slash;colon;decimal,assigned_design_reference,not_integrated,Manually redraw/verify glyphs; assemble bitmap font or use licensed readable font; generated board is not a complete font file,current_contract
typography_glyph,directions,Directions,data/inputs.json;game/Main*.cs,ui/typography.png;ui/interface-atlas.png,Display lettering for large labels; restrained legible body face and tabular numbers; no copied arcade logo,numpad1-9;8 directions;neutral;screen-relative vs facing-relative examples,assigned_design_reference,not_integrated,Manually redraw/verify glyphs; assemble bitmap font or use licensed readable font; generated board is not a complete font file,current_contract
typography_glyph,attacks,Attacks,data/inputs.json;game/Main*.cs,ui/typography.png;ui/interface-atlas.png,Display lettering for large labels; restrained legible body face and tabular numbers; no copied arcade logo,LP;MP;HP;LK;MK;HK;P;K;PP;KK;release;held,assigned_design_reference,not_integrated,Manually redraw/verify glyphs; assemble bitmap font or use licensed readable font; generated board is not a complete font file,current_contract
typography_glyph,motions,Motions,data/inputs.json;game/Main*.cs,ui/typography.png;ui/interface-atlas.png,Display lettering for large labels; restrained legible body face and tabular numbers; no copied arcade logo,QCF;QCB;DP;double QCF;charge back;charge down;hold45ticks;double-tap dash,assigned_design_reference,not_integrated,Manually redraw/verify glyphs; assemble bitmap font or use licensed readable font; generated board is not a complete font file,current_contract
typography_glyph,chords,Chords,data/inputs.json;game/Main*.cs,ui/typography.png;ui/interface-atlas.png,Display lettering for large labels; restrained legible body face and tabular numbers; no copied arcade logo,LP+LK;MP+MK;HP+HK;back+HP+HK;simultaneous chord bracket,assigned_design_reference,not_integrated,Manually redraw/verify glyphs; assemble bitmap font or use licensed readable font; generated board is not a complete font file,current_contract
typography_glyph,keyboard_caps,Keyboard Caps,data/inputs.json;game/Main*.cs,ui/typography.png;ui/interface-atlas.png,Display lettering for large labels; restrained legible body face and tabular numbers; no copied arcade logo,WASD;UIO;JKL;P;semicolon;Enter;Escape;F1-F5;F12;period;arrows;Backspace,assigned_design_reference,not_integrated,Manually redraw/verify glyphs; assemble bitmap font or use licensed readable font; generated board is not a complete font file,current_contract
typography_glyph,controller_caps,Controller Caps,data/inputs.json;game/Main*.cs,ui/typography.png;ui/interface-atlas.png,Display lettering for large labels; restrained legible body face and tabular numbers; no copied arcade logo,generic A/B/X/Y;D-pad;start;shoulders;triggers;stick;device number,assigned_design_reference,not_integrated,Manually redraw/verify glyphs; assemble bitmap font or use licensed readable font; generated board is not a complete font file,current_contract
typography_glyph,economy,Economy,data/inputs.json;game/Main*.cs,ui/typography.png;ui/interface-atlas.png,Display lettering for large labels; restrained legible body face and tabular numbers; no copied arcade logo,CR;0-3600;300;600;900;1200;1500;reserve lock;cost/debit/credit signs,assigned_design_reference,not_integrated,Manually redraw/verify glyphs; assemble bitmap font or use licensed readable font; generated board is not a complete font file,current_contract
typography_glyph,combat_labels,Combat Labels,data/inputs.json;game/Main*.cs,ui/typography.png;ui/interface-atlas.png,Display lettering for large labels; restrained legible body face and tabular numbers; no copied arcade logo,HIT;BLOCK;PARRY;COUNTER;THROW TECH;STUN;START;ACTIVE;REC;FREE;LEASE,assigned_design_reference,not_integrated,Manually redraw/verify glyphs; assemble bitmap font or use licensed readable font; generated board is not a complete font file,current_contract
stage_layer,foundry,Foundry Ring composition,data/stages/*.json;game/Presentation/ArenaView.cs,stages/foundry.png,Original after-hours industrial exhibition; clear ground and low-contrast background,640x360 viewport;1024x360 world-width master;floor y302,assigned_design_reference,not_integrated,Separate layers/masks from reference; author seam-safe horizontal overscan; align camera/parallax and exact ground; validate at both corners,current_contract
stage_layer,grid,Training measurement composition,data/stages/*.json;game/Presentation/ArenaView.cs,stages/grid.png,Original after-hours industrial exhibition; clear ground and low-contrast background,identical floor/corners;20 world-unit grid;100-unit labels,assigned_design_reference,not_integrated,Separate layers/masks from reference; author seam-safe horizontal overscan; align camera/parallax and exact ground; validate at both corners,current_contract
stage_layer,far_shell,Far building silhouette / ceiling,data/stages/*.json;game/Presentation/ArenaView.cs,stages/foundry.png,Original after-hours industrial exhibition; clear ground and low-contrast background,static base;low-contrast,assigned_design_reference,not_integrated,Separate layers/masks from reference; author seam-safe horizontal overscan; align camera/parallax and exact ground; validate at both corners,current_contract
stage_layer,clerestory,Amber clerestory window bays,data/stages/*.json;game/Presentation/ArenaView.cs,stages/environment-atlas.png,Original after-hours industrial exhibition; clear ground and low-contrast background,lit;dim;bay repetition,assigned_design_reference,not_integrated,Separate layers/masks from reference; author seam-safe horizontal overscan; align camera/parallax and exact ground; validate at both corners,current_contract
stage_layer,columns,Structural columns and rivets,data/stages/*.json;game/Presentation/ArenaView.cs,stages/environment-atlas.png,Original after-hours industrial exhibition; clear ground and low-contrast background,left;center;right;bolts;cross braces,assigned_design_reference,not_integrated,Separate layers/masks from reference; author seam-safe horizontal overscan; align camera/parallax and exact ground; validate at both corners,current_contract
stage_layer,cable_races,Ceiling cable races and gantry,data/stages/*.json;game/Presentation/ArenaView.cs,stages/environment-atlas.png,Original after-hours industrial exhibition; clear ground and low-contrast background,repeatable beams;cables;hanger,assigned_design_reference,not_integrated,Separate layers/masks from reference; author seam-safe horizontal overscan; align camera/parallax and exact ground; validate at both corners,current_contract
stage_layer,sign,Original exhibition sign,data/stages/*.json;game/Presentation/ArenaView.cs,stages/environment-atlas.png,Original after-hours industrial exhibition; clear ground and low-contrast background,Foundry Ring;original ring/ledger emblem;sign supports,assigned_design_reference,not_integrated,Separate layers/masks from reference; author seam-safe horizontal overscan; align camera/parallax and exact ground; validate at both corners,current_contract
stage_layer,machinery,Industrial machinery,data/stages/*.json;game/Presentation/ArenaView.cs,stages/environment-atlas.png,Original after-hours industrial exhibition; clear ground and low-contrast background,left/right;grilles;vents;pipes;indicator lamps,assigned_design_reference,not_integrated,Separate layers/masks from reference; author seam-safe horizontal overscan; align camera/parallax and exact ground; validate at both corners,current_contract
stage_layer,gallery,Background audience,data/stages/*.json;game/Presentation/ArenaView.cs,stages/environment-atlas.png,Original after-hours industrial exhibition; clear ground and low-contrast background,quiet idle;restrained cheer;multiple silhouettes;no foreground occlusion,assigned_design_reference,not_integrated,Separate layers/masks from reference; author seam-safe horizontal overscan; align camera/parallax and exact ground; validate at both corners,current_contract
stage_layer,rail,Gallery barrier and railing,data/stages/*.json;game/Presentation/ArenaView.cs,stages/environment-atlas.png,Original after-hours industrial exhibition; clear ground and low-contrast background,horizontal repeat;posts;corner caps,assigned_design_reference,not_integrated,Separate layers/masks from reference; author seam-safe horizontal overscan; align camera/parallax and exact ground; validate at both corners,current_contract
stage_layer,haze,Interior haze,data/stages/*.json;game/Presentation/ArenaView.cs,stages/environment-atlas.png,Original after-hours industrial exhibition; clear ground and low-contrast background,thin alpha mask;reduced effects/static,assigned_design_reference,not_integrated,Separate layers/masks from reference; author seam-safe horizontal overscan; align camera/parallax and exact ground; validate at both corners,current_contract
stage_layer,floor,Flat fighting floor,data/stages/*.json;game/Presentation/ArenaView.cs,stages/foundry.png,Original after-hours industrial exhibition; clear ground and low-contrast background,world-anchored perspective joints;contact line at302;no ledges,assigned_design_reference,not_integrated,Separate layers/masks from reference; author seam-safe horizontal overscan; align camera/parallax and exact ground; validate at both corners,current_contract
stage_layer,floor_decal,Exhibition floor decal,data/stages/*.json;game/Presentation/ArenaView.cs,stages/environment-atlas.png,Original after-hours industrial exhibition; clear ground and low-contrast background,world-center original wordmark;faded paint,assigned_design_reference,not_integrated,Separate layers/masks from reference; author seam-safe horizontal overscan; align camera/parallax and exact ground; validate at both corners,current_contract
stage_layer,corners,Solid corner pylons,data/stages/*.json;game/Presentation/ArenaView.cs,stages/environment-atlas.png,Original after-hours industrial exhibition; clear ground and low-contrast background,left01;right02;hazard stripe decoration;geometry unchanged,assigned_design_reference,not_integrated,Separate layers/masks from reference; author seam-safe horizontal overscan; align camera/parallax and exact ground; validate at both corners,current_contract
stage_layer,embers,Ambient embers / dust,data/stages/*.json;game/Presentation/ArenaView.cs,stages/environment-atlas.png,Original after-hours industrial exhibition; clear ground and low-contrast background,1px/2px/3px clusters;slow loop;off/static option,assigned_design_reference,not_integrated,Separate layers/masks from reference; author seam-safe horizontal overscan; align camera/parallax and exact ground; validate at both corners,current_contract
stage_layer,light_shafts,Shallow warm light shafts,data/stages/*.json;game/Presentation/ArenaView.cs,stages/environment-atlas.png,Original after-hours industrial exhibition; clear ground and low-contrast background,dithered optional overlay;no contact-zone flash,assigned_design_reference,not_integrated,Separate layers/masks from reference; author seam-safe horizontal overscan; align camera/parallax and exact ground; validate at both corners,current_contract
stage_layer,foreground,Low foreground trim,data/stages/*.json;game/Presentation/ArenaView.cs,stages/environment-atlas.png,Original after-hours industrial exhibition; clear ground and low-contrast background,footer industrial label;trim below combat plane;no fighter occlusion,assigned_design_reference,not_integrated,Separate layers/masks from reference; author seam-safe horizontal overscan; align camera/parallax and exact ground; validate at both corners,current_contract
stage_layer,shadow,Fighter ground shadow,data/stages/*.json;game/Presentation/ArenaView.cs,effects/combat-atlas.png,Original after-hours industrial exhibition; clear ground and low-contrast background,near;medium;high-jump;soft layered pixel ellipses,assigned_design_reference,not_integrated,Separate layers/masks from reference; author seam-safe horizontal overscan; align camera/parallax and exact ground; validate at both corners,current_contract
stage_layer,grid_lines,Measurement-grid minor and major lines,data/stages/*.json;game/Presentation/ArenaView.cs,stages/grid.png,Original after-hours industrial exhibition; clear ground and low-contrast background,world coordinates;20-unit minor;100-unit major;floor and axis labels,assigned_design_reference,not_integrated,Separate layers/masks from reference; author seam-safe horizontal overscan; align camera/parallax and exact ground; validate at both corners,current_contract
stage_layer,grid_label,Measurement floor caption,data/stages/*.json;game/Presentation/ArenaView.cs,stages/grid.png;ui/typography.png,Original after-hours industrial exhibition; clear ground and low-contrast background,MEASUREMENT FLOOR;IDENTICAL ARENA GEOMETRY;world-unit numerals,assigned_design_reference,not_integrated,Separate layers/masks from reference; author seam-safe horizontal overscan; align camera/parallax and exact ground; validate at both corners,current_contract
stage_layer,debug_boxes,Hit / hurt / push boxes,data/stages/*.json;game/Presentation/ArenaView.cs,ui/interface-atlas.png,Original after-hours industrial exhibition; clear ground and low-contrast background,hit solid;hurt dotted;push dashed;legend;show/hide,assigned_design_reference,not_integrated,Separate layers/masks from reference; author seam-safe horizontal overscan; align camera/parallax and exact ground; validate at both corners,current_contract
effect,hit_light,Hit Light,src/StrikeLedger.Core/SimulationState.cs;game/Main.Rendering.cs;game/Presentation/ArenaView.cs,effects/combat-atlas.png,Small four-spoke contact burst,hit;strength1,assigned_design_reference,not_integrated,Extract transparent frames; draw missing temporal phases; set pivot/clip bounds; supply reduced-flash version; bind real event subtype,current_contract
effect,hit_medium,Hit Medium,src/StrikeLedger.Core/SimulationState.cs;game/Main.Rendering.cs;game/Presentation/ArenaView.cs,effects/combat-atlas.png,Offset six-spoke contact burst,hit;strength2,assigned_design_reference,not_integrated,Extract transparent frames; draw missing temporal phases; set pivot/clip bounds; supply reduced-flash version; bind real event subtype,current_contract
effect,hit_heavy,Hit Heavy,src/StrikeLedger.Core/SimulationState.cs;game/Main.Rendering.cs;game/Presentation/ArenaView.cs,effects/combat-atlas.png,Broad angular contact star,heavyhit;strength3,assigned_design_reference,not_integrated,Extract transparent frames; draw missing temporal phases; set pivot/clip bounds; supply reduced-flash version; bind real event subtype,current_contract
effect,counterhit,Counterhit,src/StrikeLedger.Core/SimulationState.cs;game/Main.Rendering.cs;game/Presentation/ArenaView.cs,effects/combat-atlas.png,Double star and brief COUNTER tag,counterhit;all strengths,assigned_design_reference,not_integrated,Extract transparent frames; draw missing temporal phases; set pivot/clip bounds; supply reduced-flash version; bind real event subtype,current_contract
effect,block_high,Block High,src/StrikeLedger.Core/SimulationState.cs;game/Main.Rendering.cs;game/Presentation/ArenaView.cs,effects/combat-atlas.png,Hard shield arc with square fragments,block;high;all strengths,assigned_design_reference,not_integrated,Extract transparent frames; draw missing temporal phases; set pivot/clip bounds; supply reduced-flash version; bind real event subtype,current_contract
effect,block_low,Block Low,src/StrikeLedger.Core/SimulationState.cs;game/Main.Rendering.cs;game/Presentation/ArenaView.cs,effects/combat-atlas.png,Low shield arc and square fragments,block;low;all strengths,assigned_design_reference,not_integrated,Extract transparent frames; draw missing temporal phases; set pivot/clip bounds; supply reduced-flash version; bind real event subtype,current_contract
effect,parry_high,Parry High,src/StrikeLedger.Core/SimulationState.cs;game/Main.Rendering.cs;game/Presentation/ArenaView.cs,effects/combat-atlas.png,Thin diamond ring and straight streaks,Parry High;success,assigned_design_reference,not_integrated,Extract transparent frames; draw missing temporal phases; set pivot/clip bounds; supply reduced-flash version; bind real event subtype,current_contract
effect,parry_low,Parry Low,src/StrikeLedger.Core/SimulationState.cs;game/Main.Rendering.cs;game/Presentation/ArenaView.cs,effects/combat-atlas.png,Low diamond ring with upward tip,Parry Low;success,assigned_design_reference,not_integrated,Extract transparent frames; draw missing temporal phases; set pivot/clip bounds; supply reduced-flash version; bind real event subtype,current_contract
effect,parry_air,Parry Air,src/StrikeLedger.Core/SimulationState.cs;game/Main.Rendering.cs;game/Presentation/ArenaView.cs,effects/combat-atlas.png,Suspended hollow diamond ring,Parry Air;success,assigned_design_reference,not_integrated,Extract transparent frames; draw missing temporal phases; set pivot/clip bounds; supply reduced-flash version; bind real event subtype,current_contract
effect,parry_red_high,Parry Red High,src/StrikeLedger.Core/SimulationState.cs;game/Main.Rendering.cs;game/Presentation/ArenaView.cs,effects/combat-atlas.png,Double diamond ring plus red accent,RedHigh;success;shape remains distinct in grayscale,assigned_design_reference,not_integrated,Extract transparent frames; draw missing temporal phases; set pivot/clip bounds; supply reduced-flash version; bind real event subtype,current_contract
effect,parry_red_low,Parry Red Low,src/StrikeLedger.Core/SimulationState.cs;game/Main.Rendering.cs;game/Presentation/ArenaView.cs,effects/combat-atlas.png,Low double diamond ring plus red accent,RedLow;success;shape remains distinct in grayscale,assigned_design_reference,not_integrated,Extract transparent frames; draw missing temporal phases; set pivot/clip bounds; supply reduced-flash version; bind real event subtype,current_contract
effect,throw_tech,Throw Tech,src/StrikeLedger.Core/SimulationState.cs;game/Main.Rendering.cs;game/Presentation/ArenaView.cs,effects/combat-atlas.png,Opposed break brackets and short spark,ThrowTech,assigned_design_reference,not_integrated,Extract transparent frames; draw missing temporal phases; set pivot/clip bounds; supply reduced-flash version; bind real event subtype,current_contract
effect,throw_slam,Throw Slam,src/StrikeLedger.Core/SimulationState.cs;game/Main.Rendering.cs;game/Presentation/ArenaView.cs,effects/combat-atlas.png,Downward impact wedge and floor dust,Throw detail damage,assigned_design_reference,not_integrated,Extract transparent frames; draw missing temporal phases; set pivot/clip bounds; supply reduced-flash version; bind real event subtype,current_contract
effect,projectile_clash,Projectile Clash,src/StrikeLedger.Core/SimulationState.cs;game/Main.Rendering.cs;game/Presentation/ArenaView.cs,effects/combat-atlas.png,Two crossing arcs and collapsing shards,ProjectileClash,assigned_design_reference,not_integrated,Extract transparent frames; draw missing temporal phases; set pivot/clip bounds; supply reduced-flash version; bind real event subtype,current_contract
effect,projectile_dissipate,Projectile Dissipate,src/StrikeLedger.Core/SimulationState.cs;game/Main.Rendering.cs;game/Presentation/ArenaView.cs,effects/combat-atlas.png,Shrinking pulse segments,hit;blocked;parried;expired;round reset,assigned_design_reference,not_integrated,Extract transparent frames; draw missing temporal phases; set pivot/clip bounds; supply reduced-flash version; bind real event subtype,current_contract
effect,dash_dust,Dash Dust,src/StrikeLedger.Core/SimulationState.cs;game/Main.Rendering.cs;game/Presentation/ArenaView.cs,effects/combat-atlas.png,Low swept dust puffs,Dash forward/back,assigned_design_reference,not_integrated,Extract transparent frames; draw missing temporal phases; set pivot/clip bounds; supply reduced-flash version; bind real event subtype,current_contract
effect,jump_dust,Jump Dust,src/StrikeLedger.Core/SimulationState.cs;game/Main.Rendering.cs;game/Presentation/ArenaView.cs,effects/combat-atlas.png,Compact takeoff dust,Jump normal/super,assigned_design_reference,not_integrated,Extract transparent frames; draw missing temporal phases; set pivot/clip bounds; supply reduced-flash version; bind real event subtype,current_contract
effect,landing_dust,Landing Dust,src/StrikeLedger.Core/SimulationState.cs;game/Main.Rendering.cs;game/Presentation/ArenaView.cs,effects/combat-atlas.png,Flattened landing ring,Land normal;air attack;knockdown,assigned_design_reference,not_integrated,Extract transparent frames; draw missing temporal phases; set pivot/clip bounds; supply reduced-flash version; bind real event subtype,current_contract
effect,wakeup_dust,Wakeup Dust,src/StrikeLedger.Core/SimulationState.cs;game/Main.Rendering.cs;game/Presentation/ArenaView.cs,effects/combat-atlas.png,Sparse settle pixels,Land wakeup;optional restrained cue,assigned_design_reference,not_integrated,Extract transparent frames; draw missing temporal phases; set pivot/clip bounds; supply reduced-flash version; bind real event subtype,current_contract
effect,knockdown,Knockdown,src/StrikeLedger.Core/SimulationState.cs;game/Main.Rendering.cs;game/Presentation/ArenaView.cs,effects/combat-atlas.png,Floor dust fan with isolated contact notch,soft;hard;KO;air fall,assigned_design_reference,not_integrated,Extract transparent frames; draw missing temporal phases; set pivot/clip bounds; supply reduced-flash version; bind real event subtype,current_contract
effect,dizzy,Dizzy,src/StrikeLedger.Core/SimulationState.cs;game/Main.Rendering.cs;game/Presentation/ArenaView.cs,effects/combat-atlas.png,Three orbiting stagger diamonds,Dizzy start;loop;clear,assigned_design_reference,not_integrated,Extract transparent frames; draw missing temporal phases; set pivot/clip bounds; supply reduced-flash version; bind real event subtype,current_contract
effect,ex_start,Ex Start,src/StrikeLedger.Core/SimulationState.cs;game/Main.Rendering.cs;game/Presentation/ArenaView.cs,effects/combat-atlas.png,Twin corner brackets around action silhouette,all8 EX families;all palettes;no earned gauge,assigned_design_reference,not_integrated,Extract transparent frames; draw missing temporal phases; set pivot/clip bounds; supply reduced-flash version; bind real event subtype,current_contract
effect,super_start,Super Start,src/StrikeLedger.Core/SimulationState.cs;game/Main.Rendering.cs;game/Presentation/ArenaView.cs,effects/combat-atlas.png,Radial ledger-rule spokes and held silhouette,six arts;superfreeze hold;no obscuring opaque screen fill,assigned_design_reference,not_integrated,Extract transparent frames; draw missing temporal phases; set pivot/clip bounds; supply reduced-flash version; bind real event subtype,current_contract
effect,motion_trail,Motion Trail,src/StrikeLedger.Core/SimulationState.cs;game/Main.Rendering.cs;game/Presentation/ArenaView.cs,effects/combat-atlas.png,Sparse limb afterimage contour,kicks;palm;elbow;knee;super;no collision authority,assigned_design_reference,not_integrated,Extract transparent frames; draw missing temporal phases; set pivot/clip bounds; supply reduced-flash version; bind real event subtype,current_contract
effect,round_terminal,Round Terminal,src/StrikeLedger.Core/SimulationState.cs;game/Main.Rendering.cs;game/Presentation/ArenaView.cs,effects/combat-atlas.png,Small diagonal result wipe,KO;timeout;draw;confirmed result,assigned_design_reference,not_integrated,Extract transparent frames; draw missing temporal phases; set pivot/clip bounds; supply reduced-flash version; bind real event subtype,current_contract
effect,wallet_accept,Wallet Accept,src/StrikeLedger.Core/SimulationState.cs;game/Main.Rendering.cs;game/Presentation/ArenaView.cs,effects/combat-atlas.png,Small debit receipt edge stamp,Spend;preparation;confirmed settlement,assigned_design_reference,not_integrated,Extract transparent frames; draw missing temporal phases; set pivot/clip bounds; supply reduced-flash version; bind real event subtype,current_contract
effect,wallet_deny,Wallet Deny,src/StrikeLedger.Core/SimulationState.cs;game/Main.Rendering.cs;game/Presentation/ArenaView.cs,effects/combat-atlas.png,Outline locked/rejected seal,Rejected credits;Rejected reserve,assigned_design_reference,not_integrated,Extract transparent frames; draw missing temporal phases; set pivot/clip bounds; supply reduced-flash version; bind real event subtype,current_contract
fighter_universal,rook.idle,Rook idle,game/Main.Rendering.cs;src/StrikeLedger.Core/SimulationState.cs;docs/08_CONTENT_AND_PRESENTATION.md,fighters/rook/universal.png;fighters/rook/identity.png,Breath/weight shift;guarded silhouette,P1/P2 palette;left/right facing;entry/hold/exit;hitstop;replay seek,assigned_design_reference,not_integrated,"Reference may share related pose; production requires dedicated temporal frames, all contact/entry/exit phases, pivots, mirror palette and facing verification",current_contract
fighter_universal,rook.walk_forward,Rook walk forward,game/Main.Rendering.cs;src/StrikeLedger.Core/SimulationState.cs;docs/08_CONTENT_AND_PRESENTATION.md,fighters/rook/universal.png;fighters/rook/identity.png,Guarded forward gait;root from sim,P1/P2 palette;left/right facing;entry/hold/exit;hitstop;replay seek,assigned_design_reference,not_integrated,"Reference may share related pose; production requires dedicated temporal frames, all contact/entry/exit phases, pivots, mirror palette and facing verification",current_contract
fighter_universal,rook.walk_back,Rook walk back,game/Main.Rendering.cs;src/StrikeLedger.Core/SimulationState.cs;docs/08_CONTENT_AND_PRESENTATION.md,fighters/rook/universal.png;fighters/rook/supplemental.png;fighters/rook/identity.png,Defensive backward gait;not reverse playback,P1/P2 palette;left/right facing;entry/hold/exit;hitstop;replay seek,assigned_design_reference,not_integrated,"Reference may share related pose; production requires dedicated temporal frames, all contact/entry/exit phases, pivots, mirror palette and facing verification",current_contract
fighter_universal,rook.turn,Rook turn,game/Main.Rendering.cs;src/StrikeLedger.Core/SimulationState.cs;docs/08_CONTENT_AND_PRESENTATION.md,fighters/rook/supplemental.png;fighters/rook/identity.png,Pivot stance for facing change,P1/P2 palette;left/right facing;entry/hold/exit;hitstop;replay seek,assigned_design_reference,not_integrated,"Reference may share related pose; production requires dedicated temporal frames, all contact/entry/exit phases, pivots, mirror palette and facing verification",current_contract
fighter_universal,rook.crouch_down,Rook crouch down,game/Main.Rendering.cs;src/StrikeLedger.Core/SimulationState.cs;docs/08_CONTENT_AND_PRESENTATION.md,fighters/rook/supplemental.png;fighters/rook/identity.png,Lower center while retaining guard,P1/P2 palette;left/right facing;entry/hold/exit;hitstop;replay seek,assigned_design_reference,not_integrated,"Reference may share related pose; production requires dedicated temporal frames, all contact/entry/exit phases, pivots, mirror palette and facing verification",current_contract
fighter_universal,rook.crouch,Rook crouch,game/Main.Rendering.cs;src/StrikeLedger.Core/SimulationState.cs;docs/08_CONTENT_AND_PRESENTATION.md,fighters/rook/universal.png;fighters/rook/identity.png,Compressed resting guard,P1/P2 palette;left/right facing;entry/hold/exit;hitstop;replay seek,assigned_design_reference,not_integrated,"Reference may share related pose; production requires dedicated temporal frames, all contact/entry/exit phases, pivots, mirror palette and facing verification",current_contract
fighter_universal,rook.crouch_up,Rook crouch up,game/Main.Rendering.cs;src/StrikeLedger.Core/SimulationState.cs;docs/08_CONTENT_AND_PRESENTATION.md,fighters/rook/supplemental.png;fighters/rook/identity.png,Rise from low stance,P1/P2 palette;left/right facing;entry/hold/exit;hitstop;replay seek,assigned_design_reference,not_integrated,"Reference may share related pose; production requires dedicated temporal frames, all contact/entry/exit phases, pivots, mirror palette and facing verification",current_contract
fighter_universal,rook.dash_forward,Rook dash forward,game/Main.Rendering.cs;src/StrikeLedger.Core/SimulationState.cs;docs/08_CONTENT_AND_PRESENTATION.md,fighters/rook/universal.png;fighters/rook/identity.png,Low committed forward burst,P1/P2 palette;left/right facing;entry/hold/exit;hitstop;replay seek,assigned_design_reference,not_integrated,"Reference may share related pose; production requires dedicated temporal frames, all contact/entry/exit phases, pivots, mirror palette and facing verification",current_contract
fighter_universal,rook.dash_back,Rook dash back,game/Main.Rendering.cs;src/StrikeLedger.Core/SimulationState.cs;docs/08_CONTENT_AND_PRESENTATION.md,fighters/rook/universal.png;fighters/rook/identity.png,Backward retreat with face forward,P1/P2 palette;left/right facing;entry/hold/exit;hitstop;replay seek,assigned_design_reference,not_integrated,"Reference may share related pose; production requires dedicated temporal frames, all contact/entry/exit phases, pivots, mirror palette and facing verification",current_contract
fighter_universal,rook.jump_takeoff,Rook jump takeoff,game/Main.Rendering.cs;src/StrikeLedger.Core/SimulationState.cs;docs/08_CONTENT_AND_PRESENTATION.md,fighters/rook/supplemental.png;fighters/rook/identity.png,Coil then release,P1/P2 palette;left/right facing;entry/hold/exit;hitstop;replay seek,assigned_design_reference,not_integrated,"Reference may share related pose; production requires dedicated temporal frames, all contact/entry/exit phases, pivots, mirror palette and facing verification",current_contract
fighter_universal,rook.jump_rise,Rook jump rise,game/Main.Rendering.cs;src/StrikeLedger.Core/SimulationState.cs;docs/08_CONTENT_AND_PRESENTATION.md,fighters/rook/universal.png;fighters/rook/identity.png,Tucked knees as body rises,P1/P2 palette;left/right facing;entry/hold/exit;hitstop;replay seek,assigned_design_reference,not_integrated,"Reference may share related pose; production requires dedicated temporal frames, all contact/entry/exit phases, pivots, mirror palette and facing verification",current_contract
fighter_universal,rook.jump_apex,Rook jump apex,game/Main.Rendering.cs;src/StrikeLedger.Core/SimulationState.cs;docs/08_CONTENT_AND_PRESENTATION.md,fighters/rook/universal.png;fighters/rook/identity.png,Open midair balance,P1/P2 palette;left/right facing;entry/hold/exit;hitstop;replay seek,assigned_design_reference,not_integrated,"Reference may share related pose; production requires dedicated temporal frames, all contact/entry/exit phases, pivots, mirror palette and facing verification",current_contract
fighter_universal,rook.jump_fall,Rook jump fall,game/Main.Rendering.cs;src/StrikeLedger.Core/SimulationState.cs;docs/08_CONTENT_AND_PRESENTATION.md,fighters/rook/supplemental.png;fighters/rook/identity.png,Feet anticipate landing,P1/P2 palette;left/right facing;entry/hold/exit;hitstop;replay seek,assigned_design_reference,not_integrated,"Reference may share related pose; production requires dedicated temporal frames, all contact/entry/exit phases, pivots, mirror palette and facing verification",current_contract
fighter_universal,rook.super_jump,Rook super jump,game/Main.Rendering.cs;src/StrikeLedger.Core/SimulationState.cs;docs/08_CONTENT_AND_PRESENTATION.md,fighters/rook/supplemental.png;fighters/rook/identity.png,Stronger release and distinct tucked ascent,P1/P2 palette;left/right facing;entry/hold/exit;hitstop;replay seek,assigned_design_reference,not_integrated,"Reference may share related pose; production requires dedicated temporal frames, all contact/entry/exit phases, pivots, mirror palette and facing verification",current_contract
fighter_universal,rook.land,Rook land,game/Main.Rendering.cs;src/StrikeLedger.Core/SimulationState.cs;docs/08_CONTENT_AND_PRESENTATION.md,fighters/rook/universal.png;fighters/rook/identity.png,Foot compression and balance recovery,P1/P2 palette;left/right facing;entry/hold/exit;hitstop;replay seek,assigned_design_reference,not_integrated,"Reference may share related pose; production requires dedicated temporal frames, all contact/entry/exit phases, pivots, mirror palette and facing verification",current_contract
fighter_universal,rook.block_high,Rook block high,game/Main.Rendering.cs;src/StrikeLedger.Core/SimulationState.cs;docs/08_CONTENT_AND_PRESENTATION.md,fighters/rook/universal.png;fighters/rook/identity.png,Upright forearm shield,P1/P2 palette;left/right facing;entry/hold/exit;hitstop;replay seek,assigned_design_reference,not_integrated,"Reference may share related pose; production requires dedicated temporal frames, all contact/entry/exit phases, pivots, mirror palette and facing verification",current_contract
fighter_universal,rook.block_low,Rook block low,game/Main.Rendering.cs;src/StrikeLedger.Core/SimulationState.cs;docs/08_CONTENT_AND_PRESENTATION.md,fighters/rook/universal.png;fighters/rook/identity.png,Crouched low coverage,P1/P2 palette;left/right facing;entry/hold/exit;hitstop;replay seek,assigned_design_reference,not_integrated,"Reference may share related pose; production requires dedicated temporal frames, all contact/entry/exit phases, pivots, mirror palette and facing verification",current_contract
fighter_universal,rook.parry_high,Rook parry high,game/Main.Rendering.cs;src/StrikeLedger.Core/SimulationState.cs;docs/08_CONTENT_AND_PRESENTATION.md,fighters/rook/universal.png;fighters/rook/identity.png,Open forward hand/forearm interception,P1/P2 palette;left/right facing;entry/hold/exit;hitstop;replay seek,assigned_design_reference,not_integrated,"Reference may share related pose; production requires dedicated temporal frames, all contact/entry/exit phases, pivots, mirror palette and facing verification",current_contract
fighter_universal,rook.parry_low,Rook parry low,game/Main.Rendering.cs;src/StrikeLedger.Core/SimulationState.cs;docs/08_CONTENT_AND_PRESENTATION.md,fighters/rook/universal.png;fighters/rook/identity.png,Low open-hand interception,P1/P2 palette;left/right facing;entry/hold/exit;hitstop;replay seek,assigned_design_reference,not_integrated,"Reference may share related pose; production requires dedicated temporal frames, all contact/entry/exit phases, pivots, mirror palette and facing verification",current_contract
fighter_universal,rook.parry_air,Rook parry air,game/Main.Rendering.cs;src/StrikeLedger.Core/SimulationState.cs;docs/08_CONTENT_AND_PRESENTATION.md,fighters/rook/supplemental.png;fighters/rook/identity.png,Airborne open interception,P1/P2 palette;left/right facing;entry/hold/exit;hitstop;replay seek,assigned_design_reference,not_integrated,"Reference may share related pose; production requires dedicated temporal frames, all contact/entry/exit phases, pivots, mirror palette and facing verification",current_contract
fighter_universal,rook.parry_red_high,Rook parry red high,game/Main.Rendering.cs;src/StrikeLedger.Core/SimulationState.cs;docs/08_CONTENT_AND_PRESENTATION.md,fighters/rook/supplemental.png;fighters/rook/identity.png,Sharp upright interception after guard,P1/P2 palette;left/right facing;entry/hold/exit;hitstop;replay seek,assigned_design_reference,not_integrated,"Reference may share related pose; production requires dedicated temporal frames, all contact/entry/exit phases, pivots, mirror palette and facing verification",current_contract
fighter_universal,rook.parry_red_low,Rook parry red low,game/Main.Rendering.cs;src/StrikeLedger.Core/SimulationState.cs;docs/08_CONTENT_AND_PRESENTATION.md,fighters/rook/supplemental.png;fighters/rook/identity.png,Sharp low interception after guard,P1/P2 palette;left/right facing;entry/hold/exit;hitstop;replay seek,assigned_design_reference,not_integrated,"Reference may share related pose; production requires dedicated temporal frames, all contact/entry/exit phases, pivots, mirror palette and facing verification",current_contract
fighter_universal,rook.hit_high,Rook hit high,game/Main.Rendering.cs;src/StrikeLedger.Core/SimulationState.cs;docs/08_CONTENT_AND_PRESENTATION.md,fighters/rook/universal.png;fighters/rook/supplemental.png;fighters/rook/identity.png,Head/upper torso recoil,P1/P2 palette;left/right facing;entry/hold/exit;hitstop;replay seek,assigned_design_reference,not_integrated,"Reference may share related pose; production requires dedicated temporal frames, all contact/entry/exit phases, pivots, mirror palette and facing verification",current_contract
fighter_universal,rook.hit_low,Rook hit low,game/Main.Rendering.cs;src/StrikeLedger.Core/SimulationState.cs;docs/08_CONTENT_AND_PRESENTATION.md,fighters/rook/supplemental.png;fighters/rook/identity.png,Hip/knee recoil,P1/P2 palette;left/right facing;entry/hold/exit;hitstop;replay seek,assigned_design_reference,not_integrated,"Reference may share related pose; production requires dedicated temporal frames, all contact/entry/exit phases, pivots, mirror palette and facing verification",current_contract
fighter_universal,rook.hit_air,Rook hit air,game/Main.Rendering.cs;src/StrikeLedger.Core/SimulationState.cs;docs/08_CONTENT_AND_PRESENTATION.md,fighters/rook/supplemental.png;fighters/rook/identity.png,Airborne recoiling silhouette,P1/P2 palette;left/right facing;entry/hold/exit;hitstop;replay seek,assigned_design_reference,not_integrated,"Reference may share related pose; production requires dedicated temporal frames, all contact/entry/exit phases, pivots, mirror palette and facing verification",current_contract
fighter_universal,rook.throw_victim,Rook throw victim,game/Main.Rendering.cs;src/StrikeLedger.Core/SimulationState.cs;docs/08_CONTENT_AND_PRESENTATION.md,fighters/rook/supplemental.png;fighters/rook/identity.png,Paired captured/compressed/rotated/released poses,P1/P2 palette;left/right facing;entry/hold/exit;hitstop;replay seek,assigned_design_reference,not_integrated,"Reference may share related pose; production requires dedicated temporal frames, all contact/entry/exit phases, pivots, mirror palette and facing verification",current_contract
fighter_universal,rook.throw_tech,Rook throw tech,game/Main.Rendering.cs;src/StrikeLedger.Core/SimulationState.cs;docs/08_CONTENT_AND_PRESENTATION.md,fighters/rook/supplemental.png;fighters/rook/identity.png,Hands disengage with retreat,P1/P2 palette;left/right facing;entry/hold/exit;hitstop;replay seek,assigned_design_reference,not_integrated,"Reference may share related pose; production requires dedicated temporal frames, all contact/entry/exit phases, pivots, mirror palette and facing verification",current_contract
fighter_universal,rook.knockdown_fall,Rook knockdown fall,game/Main.Rendering.cs;src/StrikeLedger.Core/SimulationState.cs;docs/08_CONTENT_AND_PRESENTATION.md,fighters/rook/supplemental.png;fighters/rook/identity.png,Tumble to horizontal impact,P1/P2 palette;left/right facing;entry/hold/exit;hitstop;replay seek,assigned_design_reference,not_integrated,"Reference may share related pose; production requires dedicated temporal frames, all contact/entry/exit phases, pivots, mirror palette and facing verification",current_contract
fighter_universal,rook.knockdown_ground,Rook knockdown ground,game/Main.Rendering.cs;src/StrikeLedger.Core/SimulationState.cs;docs/08_CONTENT_AND_PRESENTATION.md,fighters/rook/universal.png;fighters/rook/identity.png,Grounded rest on back/side,P1/P2 palette;left/right facing;entry/hold/exit;hitstop;replay seek,assigned_design_reference,not_integrated,"Reference may share related pose; production requires dedicated temporal frames, all contact/entry/exit phases, pivots, mirror palette and facing verification",current_contract
fighter_universal,rook.wakeup,Rook wakeup,game/Main.Rendering.cs;src/StrikeLedger.Core/SimulationState.cs;docs/08_CONTENT_AND_PRESENTATION.md,fighters/rook/universal.png;fighters/rook/identity.png,Roll/kneel/rise;no authored root drift,P1/P2 palette;left/right facing;entry/hold/exit;hitstop;replay seek,assigned_design_reference,not_integrated,"Reference may share related pose; production requires dedicated temporal frames, all contact/entry/exit phases, pivots, mirror palette and facing verification",current_contract
fighter_universal,rook.dizzy,Rook dizzy,game/Main.Rendering.cs;src/StrikeLedger.Core/SimulationState.cs;docs/08_CONTENT_AND_PRESENTATION.md,fighters/rook/supplemental.png;fighters/rook/identity.png,Slack guard;orbit glyphs separate,P1/P2 palette;left/right facing;entry/hold/exit;hitstop;replay seek,assigned_design_reference,not_integrated,"Reference may share related pose; production requires dedicated temporal frames, all contact/entry/exit phases, pivots, mirror palette and facing verification",current_contract
fighter_universal,rook.taunt,Rook taunt,game/Main.Rendering.cs;src/StrikeLedger.Core/SimulationState.cs;docs/08_CONTENT_AND_PRESENTATION.md,fighters/rook/supplemental.png;fighters/rook/identity.png,Original compact self-directed gesture,P1/P2 palette;left/right facing;entry/hold/exit;hitstop;replay seek,assigned_design_reference,not_integrated,"Reference may share related pose; production requires dedicated temporal frames, all contact/entry/exit phases, pivots, mirror palette and facing verification",current_contract
fighter_universal,rook.intro,Rook intro,game/Main.Rendering.cs;src/StrikeLedger.Core/SimulationState.cs;docs/08_CONTENT_AND_PRESENTATION.md,fighters/rook/supplemental.png;fighters/rook/identity.png,Enter stance from relaxed posture,P1/P2 palette;left/right facing;entry/hold/exit;hitstop;replay seek,assigned_design_reference,not_integrated,"Reference may share related pose; production requires dedicated temporal frames, all contact/entry/exit phases, pivots, mirror palette and facing verification",current_contract
fighter_universal,rook.win,Rook win,game/Main.Rendering.cs;src/StrikeLedger.Core/SimulationState.cs;docs/08_CONTENT_AND_PRESENTATION.md,fighters/rook/supplemental.png;fighters/rook/identity.png,Original restrained victory gesture,P1/P2 palette;left/right facing;entry/hold/exit;hitstop;replay seek,assigned_design_reference,not_integrated,"Reference may share related pose; production requires dedicated temporal frames, all contact/entry/exit phases, pivots, mirror palette and facing verification",current_contract
fighter_universal,rook.defeat,Rook defeat,game/Main.Rendering.cs;src/StrikeLedger.Core/SimulationState.cs;docs/08_CONTENT_AND_PRESENTATION.md,fighters/rook/supplemental.png;fighters/rook/identity.png,Grounded loss/KO hold,P1/P2 palette;left/right facing;entry/hold/exit;hitstop;replay seek,assigned_design_reference,not_integrated,"Reference may share related pose; production requires dedicated temporal frames, all contact/entry/exit phases, pivots, mirror palette and facing verification",current_contract
fighter_universal,rook.draw,Rook draw,game/Main.Rendering.cs;src/StrikeLedger.Core/SimulationState.cs;docs/08_CONTENT_AND_PRESENTATION.md,fighters/rook/supplemental.png;fighters/rook/identity.png,Recover to mutual guarded rest,P1/P2 palette;left/right facing;entry/hold/exit;hitstop;replay seek,assigned_design_reference,not_integrated,"Reference may share related pose; production requires dedicated temporal frames, all contact/entry/exit phases, pivots, mirror palette and facing verification",current_contract
fighter_identity,rook.full_body_p1,Rook full body p1,docs/08_CONTENT_AND_PRESENTATION.md;game/Main.Menus.cs,fighters/rook/identity.png,Preserve original silhouette and expression across crops; mirror palette must be legible in grayscale,P1/P2;left/right facing;small/large crop,assigned_design_reference,not_integrated,Crop/repaint to exact viewport use; clear surrounding labels/background; verify face at target pixels; add mirrored crop if needed,current_contract
fighter_identity,rook.full_body_p2,Rook full body p2,docs/08_CONTENT_AND_PRESENTATION.md;game/Main.Menus.cs,fighters/rook/identity.png,Preserve original silhouette and expression across crops; mirror palette must be legible in grayscale,P1/P2;left/right facing;small/large crop,assigned_design_reference,not_integrated,Crop/repaint to exact viewport use; clear surrounding labels/background; verify face at target pixels; add mirrored crop if needed,current_contract
fighter_identity,rook.neutral_portrait,Rook neutral portrait,docs/08_CONTENT_AND_PRESENTATION.md;game/Main.Menus.cs,fighters/rook/identity.png,Preserve original silhouette and expression across crops; mirror palette must be legible in grayscale,P1/P2;left/right facing;small/large crop,assigned_design_reference,not_integrated,Crop/repaint to exact viewport use; clear surrounding labels/background; verify face at target pixels; add mirrored crop if needed,current_contract
fighter_identity,rook.versus_portrait,Rook versus portrait,docs/08_CONTENT_AND_PRESENTATION.md;game/Main.Menus.cs,fighters/rook/identity.png,Preserve original silhouette and expression across crops; mirror palette must be legible in grayscale,P1/P2;left/right facing;small/large crop,assigned_design_reference,not_integrated,Crop/repaint to exact viewport use; clear surrounding labels/background; verify face at target pixels; add mirrored crop if needed,current_contract
fighter_identity,rook.victory_portrait,Rook victory portrait,docs/08_CONTENT_AND_PRESENTATION.md;game/Main.Menus.cs,fighters/rook/identity.png,Preserve original silhouette and expression across crops; mirror palette must be legible in grayscale,P1/P2;left/right facing;small/large crop,assigned_design_reference,not_integrated,Crop/repaint to exact viewport use; clear surrounding labels/background; verify face at target pixels; add mirrored crop if needed,current_contract
fighter_identity,rook.defeat_portrait,Rook defeat portrait,docs/08_CONTENT_AND_PRESENTATION.md;game/Main.Menus.cs,fighters/rook/identity.png,Preserve original silhouette and expression across crops; mirror palette must be legible in grayscale,P1/P2;left/right facing;small/large crop,assigned_design_reference,not_integrated,Crop/repaint to exact viewport use; clear surrounding labels/background; verify face at target pixels; add mirrored crop if needed,current_contract
fighter_identity,rook.small_hud_portrait,Rook small hud portrait,docs/08_CONTENT_AND_PRESENTATION.md;game/Main.Menus.cs,fighters/rook/identity.png,Preserve original silhouette and expression across crops; mirror palette must be legible in grayscale,P1/P2;left/right facing;small/large crop,assigned_design_reference,not_integrated,Crop/repaint to exact viewport use; clear surrounding labels/background; verify face at target pixels; add mirrored crop if needed,current_contract
fighter_identity,rook.select_thumbnail,Rook select thumbnail,docs/08_CONTENT_AND_PRESENTATION.md;game/Main.Menus.cs,fighters/rook/identity.png,Preserve original silhouette and expression across crops; mirror palette must be legible in grayscale,P1/P2;left/right facing;small/large crop,assigned_design_reference,not_integrated,Crop/repaint to exact viewport use; clear surrounding labels/background; verify face at target pixels; add mirrored crop if needed,current_contract
fighter_universal,vale.idle,Vale idle,game/Main.Rendering.cs;src/StrikeLedger.Core/SimulationState.cs;docs/08_CONTENT_AND_PRESENTATION.md,fighters/vale/universal.png;fighters/vale/identity.png,Breath/weight shift;guarded silhouette,P1/P2 palette;left/right facing;entry/hold/exit;hitstop;replay seek,assigned_design_reference,not_integrated,"Reference may share related pose; production requires dedicated temporal frames, all contact/entry/exit phases, pivots, mirror palette and facing verification",current_contract
fighter_universal,vale.walk_forward,Vale walk forward,game/Main.Rendering.cs;src/StrikeLedger.Core/SimulationState.cs;docs/08_CONTENT_AND_PRESENTATION.md,fighters/vale/universal.png;fighters/vale/identity.png,Guarded forward gait;root from sim,P1/P2 palette;left/right facing;entry/hold/exit;hitstop;replay seek,assigned_design_reference,not_integrated,"Reference may share related pose; production requires dedicated temporal frames, all contact/entry/exit phases, pivots, mirror palette and facing verification",current_contract
fighter_universal,vale.walk_back,Vale walk back,game/Main.Rendering.cs;src/StrikeLedger.Core/SimulationState.cs;docs/08_CONTENT_AND_PRESENTATION.md,fighters/vale/universal.png;fighters/vale/identity.png,Defensive backward gait;not reverse playback,P1/P2 palette;left/right facing;entry/hold/exit;hitstop;replay seek,assigned_design_reference,not_integrated,"Reference may share related pose; production requires dedicated temporal frames, all contact/entry/exit phases, pivots, mirror palette and facing verification",current_contract
fighter_universal,vale.turn,Vale turn,game/Main.Rendering.cs;src/StrikeLedger.Core/SimulationState.cs;docs/08_CONTENT_AND_PRESENTATION.md,fighters/vale/supplemental.png;fighters/vale/identity.png,Pivot stance for facing change,P1/P2 palette;left/right facing;entry/hold/exit;hitstop;replay seek,assigned_design_reference,not_integrated,"Reference may share related pose; production requires dedicated temporal frames, all contact/entry/exit phases, pivots, mirror palette and facing verification",current_contract
fighter_universal,vale.crouch_down,Vale crouch down,game/Main.Rendering.cs;src/StrikeLedger.Core/SimulationState.cs;docs/08_CONTENT_AND_PRESENTATION.md,fighters/vale/supplemental.png;fighters/vale/identity.png,Lower center while retaining guard,P1/P2 palette;left/right facing;entry/hold/exit;hitstop;replay seek,assigned_design_reference,not_integrated,"Reference may share related pose; production requires dedicated temporal frames, all contact/entry/exit phases, pivots, mirror palette and facing verification",current_contract
fighter_universal,vale.crouch,Vale crouch,game/Main.Rendering.cs;src/StrikeLedger.Core/SimulationState.cs;docs/08_CONTENT_AND_PRESENTATION.md,fighters/vale/universal.png;fighters/vale/identity.png,Compressed resting guard,P1/P2 palette;left/right facing;entry/hold/exit;hitstop;replay seek,assigned_design_reference,not_integrated,"Reference may share related pose; production requires dedicated temporal frames, all contact/entry/exit phases, pivots, mirror palette and facing verification",current_contract
fighter_universal,vale.crouch_up,Vale crouch up,game/Main.Rendering.cs;src/StrikeLedger.Core/SimulationState.cs;docs/08_CONTENT_AND_PRESENTATION.md,fighters/vale/supplemental.png;fighters/vale/identity.png,Rise from low stance,P1/P2 palette;left/right facing;entry/hold/exit;hitstop;replay seek,assigned_design_reference,not_integrated,"Reference may share related pose; production requires dedicated temporal frames, all contact/entry/exit phases, pivots, mirror palette and facing verification",current_contract
fighter_universal,vale.dash_forward,Vale dash forward,game/Main.Rendering.cs;src/StrikeLedger.Core/SimulationState.cs;docs/08_CONTENT_AND_PRESENTATION.md,fighters/vale/universal.png;fighters/vale/identity.png,Low committed forward burst,P1/P2 palette;left/right facing;entry/hold/exit;hitstop;replay seek,assigned_design_reference,not_integrated,"Reference may share related pose; production requires dedicated temporal frames, all contact/entry/exit phases, pivots, mirror palette and facing verification",current_contract
fighter_universal,vale.dash_back,Vale dash back,game/Main.Rendering.cs;src/StrikeLedger.Core/SimulationState.cs;docs/08_CONTENT_AND_PRESENTATION.md,fighters/vale/universal.png;fighters/vale/identity.png,Backward retreat with face forward,P1/P2 palette;left/right facing;entry/hold/exit;hitstop;replay seek,assigned_design_reference,not_integrated,"Reference may share related pose; production requires dedicated temporal frames, all contact/entry/exit phases, pivots, mirror palette and facing verification",current_contract
fighter_universal,vale.jump_takeoff,Vale jump takeoff,game/Main.Rendering.cs;src/StrikeLedger.Core/SimulationState.cs;docs/08_CONTENT_AND_PRESENTATION.md,fighters/vale/universal.png;fighters/vale/identity.png,Coil then release,P1/P2 palette;left/right facing;entry/hold/exit;hitstop;replay seek,assigned_design_reference,not_integrated,"Reference may share related pose; production requires dedicated temporal frames, all contact/entry/exit phases, pivots, mirror palette and facing verification",current_contract
fighter_universal,vale.jump_rise,Vale jump rise,game/Main.Rendering.cs;src/StrikeLedger.Core/SimulationState.cs;docs/08_CONTENT_AND_PRESENTATION.md,fighters/vale/supplemental.png;fighters/vale/identity.png,Tucked knees as body rises,P1/P2 palette;left/right facing;entry/hold/exit;hitstop;replay seek,assigned_design_reference,not_integrated,"Reference may share related pose; production requires dedicated temporal frames, all contact/entry/exit phases, pivots, mirror palette and facing verification",current_contract
fighter_universal,vale.jump_apex,Vale jump apex,game/Main.Rendering.cs;src/StrikeLedger.Core/SimulationState.cs;docs/08_CONTENT_AND_PRESENTATION.md,fighters/vale/universal.png;fighters/vale/identity.png,Open midair balance,P1/P2 palette;left/right facing;entry/hold/exit;hitstop;replay seek,assigned_design_reference,not_integrated,"Reference may share related pose; production requires dedicated temporal frames, all contact/entry/exit phases, pivots, mirror palette and facing verification",current_contract
fighter_universal,vale.jump_fall,Vale jump fall,game/Main.Rendering.cs;src/StrikeLedger.Core/SimulationState.cs;docs/08_CONTENT_AND_PRESENTATION.md,fighters/vale/universal.png;fighters/vale/identity.png,Feet anticipate landing,P1/P2 palette;left/right facing;entry/hold/exit;hitstop;replay seek,assigned_design_reference,not_integrated,"Reference may share related pose; production requires dedicated temporal frames, all contact/entry/exit phases, pivots, mirror palette and facing verification",current_contract
fighter_universal,vale.super_jump,Vale super jump,game/Main.Rendering.cs;src/StrikeLedger.Core/SimulationState.cs;docs/08_CONTENT_AND_PRESENTATION.md,fighters/vale/supplemental.png;fighters/vale/identity.png,Stronger release and distinct tucked ascent,P1/P2 palette;left/right facing;entry/hold/exit;hitstop;replay seek,assigned_design_reference,not_integrated,"Reference may share related pose; production requires dedicated temporal frames, all contact/entry/exit phases, pivots, mirror palette and facing verification",current_contract
fighter_universal,vale.land,Vale land,game/Main.Rendering.cs;src/StrikeLedger.Core/SimulationState.cs;docs/08_CONTENT_AND_PRESENTATION.md,fighters/vale/universal.png;fighters/vale/identity.png,Foot compression and balance recovery,P1/P2 palette;left/right facing;entry/hold/exit;hitstop;replay seek,assigned_design_reference,not_integrated,"Reference may share related pose; production requires dedicated temporal frames, all contact/entry/exit phases, pivots, mirror palette and facing verification",current_contract
fighter_universal,vale.block_high,Vale block high,game/Main.Rendering.cs;src/StrikeLedger.Core/SimulationState.cs;docs/08_CONTENT_AND_PRESENTATION.md,fighters/vale/universal.png;fighters/vale/identity.png,Upright forearm shield,P1/P2 palette;left/right facing;entry/hold/exit;hitstop;replay seek,assigned_design_reference,not_integrated,"Reference may share related pose; production requires dedicated temporal frames, all contact/entry/exit phases, pivots, mirror palette and facing verification",current_contract
fighter_universal,vale.block_low,Vale block low,game/Main.Rendering.cs;src/StrikeLedger.Core/SimulationState.cs;docs/08_CONTENT_AND_PRESENTATION.md,fighters/vale/universal.png;fighters/vale/identity.png,Crouched low coverage,P1/P2 palette;left/right facing;entry/hold/exit;hitstop;replay seek,assigned_design_reference,not_integrated,"Reference may share related pose; production requires dedicated temporal frames, all contact/entry/exit phases, pivots, mirror palette and facing verification",current_contract
fighter_universal,vale.parry_high,Vale parry high,game/Main.Rendering.cs;src/StrikeLedger.Core/SimulationState.cs;docs/08_CONTENT_AND_PRESENTATION.md,fighters/vale/universal.png;fighters/vale/identity.png,Open forward hand/forearm interception,P1/P2 palette;left/right facing;entry/hold/exit;hitstop;replay seek,assigned_design_reference,not_integrated,"Reference may share related pose; production requires dedicated temporal frames, all contact/entry/exit phases, pivots, mirror palette and facing verification",current_contract
fighter_universal,vale.parry_low,Vale parry low,game/Main.Rendering.cs;src/StrikeLedger.Core/SimulationState.cs;docs/08_CONTENT_AND_PRESENTATION.md,fighters/vale/universal.png;fighters/vale/identity.png,Low open-hand interception,P1/P2 palette;left/right facing;entry/hold/exit;hitstop;replay seek,assigned_design_reference,not_integrated,"Reference may share related pose; production requires dedicated temporal frames, all contact/entry/exit phases, pivots, mirror palette and facing verification",current_contract
fighter_universal,vale.parry_air,Vale parry air,game/Main.Rendering.cs;src/StrikeLedger.Core/SimulationState.cs;docs/08_CONTENT_AND_PRESENTATION.md,fighters/vale/supplemental.png;fighters/vale/identity.png,Airborne open interception,P1/P2 palette;left/right facing;entry/hold/exit;hitstop;replay seek,assigned_design_reference,not_integrated,"Reference may share related pose; production requires dedicated temporal frames, all contact/entry/exit phases, pivots, mirror palette and facing verification",current_contract
fighter_universal,vale.parry_red_high,Vale parry red high,game/Main.Rendering.cs;src/StrikeLedger.Core/SimulationState.cs;docs/08_CONTENT_AND_PRESENTATION.md,fighters/vale/supplemental.png;fighters/vale/identity.png,Sharp upright interception after guard,P1/P2 palette;left/right facing;entry/hold/exit;hitstop;replay seek,assigned_design_reference,not_integrated,"Reference may share related pose; production requires dedicated temporal frames, all contact/entry/exit phases, pivots, mirror palette and facing verification",current_contract
fighter_universal,vale.parry_red_low,Vale parry red low,game/Main.Rendering.cs;src/StrikeLedger.Core/SimulationState.cs;docs/08_CONTENT_AND_PRESENTATION.md,fighters/vale/supplemental.png;fighters/vale/identity.png,Sharp low interception after guard,P1/P2 palette;left/right facing;entry/hold/exit;hitstop;replay seek,assigned_design_reference,not_integrated,"Reference may share related pose; production requires dedicated temporal frames, all contact/entry/exit phases, pivots, mirror palette and facing verification",current_contract
fighter_universal,vale.hit_high,Vale hit high,game/Main.Rendering.cs;src/StrikeLedger.Core/SimulationState.cs;docs/08_CONTENT_AND_PRESENTATION.md,fighters/vale/universal.png;fighters/vale/supplemental.png;fighters/vale/identity.png,Head/upper torso recoil,P1/P2 palette;left/right facing;entry/hold/exit;hitstop;replay seek,assigned_design_reference,not_integrated,"Reference may share related pose; production requires dedicated temporal frames, all contact/entry/exit phases, pivots, mirror palette and facing verification",current_contract
fighter_universal,vale.hit_low,Vale hit low,game/Main.Rendering.cs;src/StrikeLedger.Core/SimulationState.cs;docs/08_CONTENT_AND_PRESENTATION.md,fighters/vale/supplemental.png;fighters/vale/identity.png,Hip/knee recoil,P1/P2 palette;left/right facing;entry/hold/exit;hitstop;replay seek,assigned_design_reference,not_integrated,"Reference may share related pose; production requires dedicated temporal frames, all contact/entry/exit phases, pivots, mirror palette and facing verification",current_contract
fighter_universal,vale.hit_air,Vale hit air,game/Main.Rendering.cs;src/StrikeLedger.Core/SimulationState.cs;docs/08_CONTENT_AND_PRESENTATION.md,fighters/vale/supplemental.png;fighters/vale/identity.png,Airborne recoiling silhouette,P1/P2 palette;left/right facing;entry/hold/exit;hitstop;replay seek,assigned_design_reference,not_integrated,"Reference may share related pose; production requires dedicated temporal frames, all contact/entry/exit phases, pivots, mirror palette and facing verification",current_contract
fighter_universal,vale.throw_victim,Vale throw victim,game/Main.Rendering.cs;src/StrikeLedger.Core/SimulationState.cs;docs/08_CONTENT_AND_PRESENTATION.md,fighters/vale/supplemental.png;fighters/vale/identity.png,Paired captured/compressed/rotated/released poses,P1/P2 palette;left/right facing;entry/hold/exit;hitstop;replay seek,assigned_design_reference,not_integrated,"Reference may share related pose; production requires dedicated temporal frames, all contact/entry/exit phases, pivots, mirror palette and facing verification",current_contract
fighter_universal,vale.throw_tech,Vale throw tech,game/Main.Rendering.cs;src/StrikeLedger.Core/SimulationState.cs;docs/08_CONTENT_AND_PRESENTATION.md,fighters/vale/supplemental.png;fighters/vale/identity.png,Hands disengage with retreat,P1/P2 palette;left/right facing;entry/hold/exit;hitstop;replay seek,assigned_design_reference,not_integrated,"Reference may share related pose; production requires dedicated temporal frames, all contact/entry/exit phases, pivots, mirror palette and facing verification",current_contract
fighter_universal,vale.knockdown_fall,Vale knockdown fall,game/Main.Rendering.cs;src/StrikeLedger.Core/SimulationState.cs;docs/08_CONTENT_AND_PRESENTATION.md,fighters/vale/supplemental.png;fighters/vale/identity.png,Tumble to horizontal impact,P1/P2 palette;left/right facing;entry/hold/exit;hitstop;replay seek,assigned_design_reference,not_integrated,"Reference may share related pose; production requires dedicated temporal frames, all contact/entry/exit phases, pivots, mirror palette and facing verification",current_contract
fighter_universal,vale.knockdown_ground,Vale knockdown ground,game/Main.Rendering.cs;src/StrikeLedger.Core/SimulationState.cs;docs/08_CONTENT_AND_PRESENTATION.md,fighters/vale/universal.png;fighters/vale/identity.png,Grounded rest on back/side,P1/P2 palette;left/right facing;entry/hold/exit;hitstop;replay seek,assigned_design_reference,not_integrated,"Reference may share related pose; production requires dedicated temporal frames, all contact/entry/exit phases, pivots, mirror palette and facing verification",current_contract
fighter_universal,vale.wakeup,Vale wakeup,game/Main.Rendering.cs;src/StrikeLedger.Core/SimulationState.cs;docs/08_CONTENT_AND_PRESENTATION.md,fighters/vale/supplemental.png;fighters/vale/identity.png,Roll/kneel/rise;no authored root drift,P1/P2 palette;left/right facing;entry/hold/exit;hitstop;replay seek,assigned_design_reference,not_integrated,"Reference may share related pose; production requires dedicated temporal frames, all contact/entry/exit phases, pivots, mirror palette and facing verification",current_contract
fighter_universal,vale.dizzy,Vale dizzy,game/Main.Rendering.cs;src/StrikeLedger.Core/SimulationState.cs;docs/08_CONTENT_AND_PRESENTATION.md,fighters/vale/supplemental.png;fighters/vale/identity.png,Slack guard;orbit glyphs separate,P1/P2 palette;left/right facing;entry/hold/exit;hitstop;replay seek,assigned_design_reference,not_integrated,"Reference may share related pose; production requires dedicated temporal frames, all contact/entry/exit phases, pivots, mirror palette and facing verification",current_contract
fighter_universal,vale.taunt,Vale taunt,game/Main.Rendering.cs;src/StrikeLedger.Core/SimulationState.cs;docs/08_CONTENT_AND_PRESENTATION.md,fighters/vale/supplemental.png;fighters/vale/identity.png,Original compact self-directed gesture,P1/P2 palette;left/right facing;entry/hold/exit;hitstop;replay seek,assigned_design_reference,not_integrated,"Reference may share related pose; production requires dedicated temporal frames, all contact/entry/exit phases, pivots, mirror palette and facing verification",current_contract
fighter_universal,vale.intro,Vale intro,game/Main.Rendering.cs;src/StrikeLedger.Core/SimulationState.cs;docs/08_CONTENT_AND_PRESENTATION.md,fighters/vale/supplemental.png;fighters/vale/identity.png,Enter stance from relaxed posture,P1/P2 palette;left/right facing;entry/hold/exit;hitstop;replay seek,assigned_design_reference,not_integrated,"Reference may share related pose; production requires dedicated temporal frames, all contact/entry/exit phases, pivots, mirror palette and facing verification",current_contract
fighter_universal,vale.win,Vale win,game/Main.Rendering.cs;src/StrikeLedger.Core/SimulationState.cs;docs/08_CONTENT_AND_PRESENTATION.md,fighters/vale/supplemental.png;fighters/vale/identity.png,Original restrained victory gesture,P1/P2 palette;left/right facing;entry/hold/exit;hitstop;replay seek,assigned_design_reference,not_integrated,"Reference may share related pose; production requires dedicated temporal frames, all contact/entry/exit phases, pivots, mirror palette and facing verification",current_contract
fighter_universal,vale.defeat,Vale defeat,game/Main.Rendering.cs;src/StrikeLedger.Core/SimulationState.cs;docs/08_CONTENT_AND_PRESENTATION.md,fighters/vale/supplemental.png;fighters/vale/identity.png,Grounded loss/KO hold,P1/P2 palette;left/right facing;entry/hold/exit;hitstop;replay seek,assigned_design_reference,not_integrated,"Reference may share related pose; production requires dedicated temporal frames, all contact/entry/exit phases, pivots, mirror palette and facing verification",current_contract
fighter_universal,vale.draw,Vale draw,game/Main.Rendering.cs;src/StrikeLedger.Core/SimulationState.cs;docs/08_CONTENT_AND_PRESENTATION.md,fighters/vale/supplemental.png;fighters/vale/identity.png,Recover to mutual guarded rest,P1/P2 palette;left/right facing;entry/hold/exit;hitstop;replay seek,assigned_design_reference,not_integrated,"Reference may share related pose; production requires dedicated temporal frames, all contact/entry/exit phases, pivots, mirror palette and facing verification",current_contract
fighter_identity,vale.full_body_p1,Vale full body p1,docs/08_CONTENT_AND_PRESENTATION.md;game/Main.Menus.cs,fighters/vale/identity.png,Preserve original silhouette and expression across crops; mirror palette must be legible in grayscale,P1/P2;left/right facing;small/large crop,assigned_design_reference,not_integrated,Crop/repaint to exact viewport use; clear surrounding labels/background; verify face at target pixels; add mirrored crop if needed,current_contract
fighter_identity,vale.full_body_p2,Vale full body p2,docs/08_CONTENT_AND_PRESENTATION.md;game/Main.Menus.cs,fighters/vale/identity.png,Preserve original silhouette and expression across crops; mirror palette must be legible in grayscale,P1/P2;left/right facing;small/large crop,assigned_design_reference,not_integrated,Crop/repaint to exact viewport use; clear surrounding labels/background; verify face at target pixels; add mirrored crop if needed,current_contract
fighter_identity,vale.neutral_portrait,Vale neutral portrait,docs/08_CONTENT_AND_PRESENTATION.md;game/Main.Menus.cs,fighters/vale/identity.png,Preserve original silhouette and expression across crops; mirror palette must be legible in grayscale,P1/P2;left/right facing;small/large crop,assigned_design_reference,not_integrated,Crop/repaint to exact viewport use; clear surrounding labels/background; verify face at target pixels; add mirrored crop if needed,current_contract
fighter_identity,vale.versus_portrait,Vale versus portrait,docs/08_CONTENT_AND_PRESENTATION.md;game/Main.Menus.cs,fighters/vale/identity.png,Preserve original silhouette and expression across crops; mirror palette must be legible in grayscale,P1/P2;left/right facing;small/large crop,assigned_design_reference,not_integrated,Crop/repaint to exact viewport use; clear surrounding labels/background; verify face at target pixels; add mirrored crop if needed,current_contract
fighter_identity,vale.victory_portrait,Vale victory portrait,docs/08_CONTENT_AND_PRESENTATION.md;game/Main.Menus.cs,fighters/vale/identity.png,Preserve original silhouette and expression across crops; mirror palette must be legible in grayscale,P1/P2;left/right facing;small/large crop,assigned_design_reference,not_integrated,Crop/repaint to exact viewport use; clear surrounding labels/background; verify face at target pixels; add mirrored crop if needed,current_contract
fighter_identity,vale.defeat_portrait,Vale defeat portrait,docs/08_CONTENT_AND_PRESENTATION.md;game/Main.Menus.cs,fighters/vale/identity.png,Preserve original silhouette and expression across crops; mirror palette must be legible in grayscale,P1/P2;left/right facing;small/large crop,assigned_design_reference,not_integrated,Crop/repaint to exact viewport use; clear surrounding labels/background; verify face at target pixels; add mirrored crop if needed,current_contract
fighter_identity,vale.small_hud_portrait,Vale small hud portrait,docs/08_CONTENT_AND_PRESENTATION.md;game/Main.Menus.cs,fighters/vale/identity.png,Preserve original silhouette and expression across crops; mirror palette must be legible in grayscale,P1/P2;left/right facing;small/large crop,assigned_design_reference,not_integrated,Crop/repaint to exact viewport use; clear surrounding labels/background; verify face at target pixels; add mirrored crop if needed,current_contract
fighter_identity,vale.select_thumbnail,Vale select thumbnail,docs/08_CONTENT_AND_PRESENTATION.md;game/Main.Menus.cs,fighters/vale/identity.png,Preserve original silhouette and expression across crops; mirror palette must be legible in grayscale,P1/P2;left/right facing;small/large crop,assigned_design_reference,not_integrated,Crop/repaint to exact viewport use; clear surrounding labels/background; verify face at target pixels; add mirrored crop if needed,current_contract
fighter_move,rook.s_lp,Rook / S LP,data/fighters/rook.json#/moves/0,fighters/rook/normals.png,"Original s_lp key-pose direction; One canonical move, dedicated action silhouette; transitions may share compatible stance cels.","lp;startup[0,3);active[3,5);recovery[5,12);both facings;P1/P2 palette",assigned_design_reference,not_integrated,Draw startup/active/recovery and transitions; normalize pixel scale; transparent extraction; frame rectangles/pivots; timing manifest; mirror palette; in-game verification,current_contract
fighter_move,rook.s_mp,Rook / S MP,data/fighters/rook.json#/moves/1,fighters/rook/normals.png,"Original s_mp key-pose direction; One canonical move, dedicated action silhouette; transitions may share compatible stance cels.","mp;startup[0,5);active[5,8);recovery[8,20);both facings;P1/P2 palette",assigned_design_reference,not_integrated,Draw startup/active/recovery and transitions; normalize pixel scale; transparent extraction; frame rectangles/pivots; timing manifest; mirror palette; in-game verification,current_contract
fighter_move,rook.s_hp,Rook / S HP,data/fighters/rook.json#/moves/2,fighters/rook/normals.png,"Original s_hp key-pose direction; One canonical move, dedicated action silhouette; transitions may share compatible stance cels.","hp;startup[0,8);active[8,12);recovery[12,31);both facings;P1/P2 palette",assigned_design_reference,not_integrated,Draw startup/active/recovery and transitions; normalize pixel scale; transparent extraction; frame rectangles/pivots; timing manifest; mirror palette; in-game verification,current_contract
fighter_move,rook.s_lk,Rook / S LK,data/fighters/rook.json#/moves/3,fighters/rook/normals.png,"Original s_lk key-pose direction; One canonical move, dedicated action silhouette; transitions may share compatible stance cels.","lk;startup[0,3);active[3,5);recovery[5,12);both facings;P1/P2 palette",assigned_design_reference,not_integrated,Draw startup/active/recovery and transitions; normalize pixel scale; transparent extraction; frame rectangles/pivots; timing manifest; mirror palette; in-game verification,current_contract
fighter_move,rook.s_mk,Rook / S MK,data/fighters/rook.json#/moves/4,fighters/rook/normals.png,"Original s_mk key-pose direction; One canonical move, dedicated action silhouette; transitions may share compatible stance cels.","mk;startup[0,5);active[5,8);recovery[8,20);both facings;P1/P2 palette",assigned_design_reference,not_integrated,Draw startup/active/recovery and transitions; normalize pixel scale; transparent extraction; frame rectangles/pivots; timing manifest; mirror palette; in-game verification,current_contract
fighter_move,rook.s_hk,Rook / S HK,data/fighters/rook.json#/moves/5,fighters/rook/normals.png,"Original s_hk key-pose direction; One canonical move, dedicated action silhouette; transitions may share compatible stance cels.","hk;startup[0,8);active[8,12);recovery[12,31);both facings;P1/P2 palette",assigned_design_reference,not_integrated,Draw startup/active/recovery and transitions; normalize pixel scale; transparent extraction; frame rectangles/pivots; timing manifest; mirror palette; in-game verification,current_contract
fighter_move,rook.c_lp,Rook / C LP,data/fighters/rook.json#/moves/6,fighters/rook/normals.png,"Original c_lp key-pose direction; One canonical move, dedicated action silhouette; transitions may share compatible stance cels.","lp;startup[0,3);active[3,5);recovery[5,12);both facings;P1/P2 palette",assigned_design_reference,not_integrated,Draw startup/active/recovery and transitions; normalize pixel scale; transparent extraction; frame rectangles/pivots; timing manifest; mirror palette; in-game verification,current_contract
fighter_move,rook.c_mp,Rook / C MP,data/fighters/rook.json#/moves/7,fighters/rook/normals.png,"Original c_mp key-pose direction; One canonical move, dedicated action silhouette; transitions may share compatible stance cels.","mp;startup[0,5);active[5,8);recovery[8,20);both facings;P1/P2 palette",assigned_design_reference,not_integrated,Draw startup/active/recovery and transitions; normalize pixel scale; transparent extraction; frame rectangles/pivots; timing manifest; mirror palette; in-game verification,current_contract
fighter_move,rook.c_hp,Rook / C HP,data/fighters/rook.json#/moves/8,fighters/rook/normals.png,"Original c_hp key-pose direction; One canonical move, dedicated action silhouette; transitions may share compatible stance cels.","hp;startup[0,8);active[8,12);recovery[12,31);both facings;P1/P2 palette",assigned_design_reference,not_integrated,Draw startup/active/recovery and transitions; normalize pixel scale; transparent extraction; frame rectangles/pivots; timing manifest; mirror palette; in-game verification,current_contract
fighter_move,rook.c_lk,Rook / C LK,data/fighters/rook.json#/moves/9,fighters/rook/normals.png,"Original c_lk key-pose direction; One canonical move, dedicated action silhouette; transitions may share compatible stance cels.","lk;startup[0,3);active[3,5);recovery[5,12);both facings;P1/P2 palette",assigned_design_reference,not_integrated,Draw startup/active/recovery and transitions; normalize pixel scale; transparent extraction; frame rectangles/pivots; timing manifest; mirror palette; in-game verification,current_contract
fighter_move,rook.c_mk,Rook / C MK,data/fighters/rook.json#/moves/10,fighters/rook/normals.png,"Original c_mk key-pose direction; One canonical move, dedicated action silhouette; transitions may share compatible stance cels.","mk;startup[0,5);active[5,8);recovery[8,20);both facings;P1/P2 palette",assigned_design_reference,not_integrated,Draw startup/active/recovery and transitions; normalize pixel scale; transparent extraction; frame rectangles/pivots; timing manifest; mirror palette; in-game verification,current_contract
fighter_move,rook.c_hk,Rook / C HK,data/fighters/rook.json#/moves/11,fighters/rook/normals.png,"Original c_hk key-pose direction; One canonical move, dedicated action silhouette; transitions may share compatible stance cels.","hk;startup[0,8);active[8,12);recovery[12,31);both facings;P1/P2 palette",assigned_design_reference,not_integrated,Draw startup/active/recovery and transitions; normalize pixel scale; transparent extraction; frame rectangles/pivots; timing manifest; mirror palette; in-game verification,current_contract
fighter_move,rook.j_lp,Rook / J LP,data/fighters/rook.json#/moves/12,fighters/rook/normals.png,"Original j_lp key-pose direction; One canonical move, dedicated action silhouette; transitions may share compatible stance cels.","lp;startup[0,3);active[3,5);recovery[5,12);both facings;P1/P2 palette",assigned_design_reference,not_integrated,Draw startup/active/recovery and transitions; normalize pixel scale; transparent extraction; frame rectangles/pivots; timing manifest; mirror palette; in-game verification,current_contract
fighter_move,rook.j_mp,Rook / J MP,data/fighters/rook.json#/moves/13,fighters/rook/normals.png,"Original j_mp key-pose direction; One canonical move, dedicated action silhouette; transitions may share compatible stance cels.","mp;startup[0,5);active[5,8);recovery[8,20);both facings;P1/P2 palette",assigned_design_reference,not_integrated,Draw startup/active/recovery and transitions; normalize pixel scale; transparent extraction; frame rectangles/pivots; timing manifest; mirror palette; in-game verification,current_contract
fighter_move,rook.j_hp,Rook / J HP,data/fighters/rook.json#/moves/14,fighters/rook/normals.png,"Original j_hp key-pose direction; One canonical move, dedicated action silhouette; transitions may share compatible stance cels.","hp;startup[0,8);active[8,12);recovery[12,31);both facings;P1/P2 palette",assigned_design_reference,not_integrated,Draw startup/active/recovery and transitions; normalize pixel scale; transparent extraction; frame rectangles/pivots; timing manifest; mirror palette; in-game verification,current_contract
fighter_move,rook.j_lk,Rook / J LK,data/fighters/rook.json#/moves/15,fighters/rook/normals.png,"Original j_lk key-pose direction; One canonical move, dedicated action silhouette; transitions may share compatible stance cels.","lk;startup[0,3);active[3,5);recovery[5,12);both facings;P1/P2 palette",assigned_design_reference,not_integrated,Draw startup/active/recovery and transitions; normalize pixel scale; transparent extraction; frame rectangles/pivots; timing manifest; mirror palette; in-game verification,current_contract
fighter_move,rook.j_mk,Rook / J MK,data/fighters/rook.json#/moves/16,fighters/rook/normals.png,"Original j_mk key-pose direction; One canonical move, dedicated action silhouette; transitions may share compatible stance cels.","mk;startup[0,5);active[5,8);recovery[8,20);both facings;P1/P2 palette",assigned_design_reference,not_integrated,Draw startup/active/recovery and transitions; normalize pixel scale; transparent extraction; frame rectangles/pivots; timing manifest; mirror palette; in-game verification,current_contract
fighter_move,rook.j_hk,Rook / J HK,data/fighters/rook.json#/moves/17,fighters/rook/normals.png,"Original j_hk key-pose direction; One canonical move, dedicated action silhouette; transitions may share compatible stance cels.","hk;startup[0,8);active[8,12);recovery[12,31);both facings;P1/P2 palette",assigned_design_reference,not_integrated,Draw startup/active/recovery and transitions; normalize pixel scale; transparent extraction; frame rectangles/pivots; timing manifest; mirror palette; in-game verification,current_contract
fighter_move,rook.close_mp,Rook / Close MP,data/fighters/rook.json#/moves/18,fighters/rook/normals.png;fighters/rook/supplemental.png,"Original close_mp key-pose direction; One canonical move, dedicated action silhouette; transitions may share compatible stance cels.","mp;startup[0,4);active[4,7);recovery[7,17);both facings;P1/P2 palette",assigned_design_reference,not_integrated,Draw startup/active/recovery and transitions; normalize pixel scale; transparent extraction; frame rectangles/pivots; timing manifest; mirror palette; in-game verification,current_contract
fighter_move,rook.close_hp,Rook / Close HP,data/fighters/rook.json#/moves/19,fighters/rook/normals.png;fighters/rook/supplemental.png,"Original close_hp key-pose direction; One canonical move, dedicated action silhouette; transitions may share compatible stance cels.","hp;startup[0,6);active[6,9);recovery[9,19);both facings;P1/P2 palette",assigned_design_reference,not_integrated,Draw startup/active/recovery and transitions; normalize pixel scale; transparent extraction; frame rectangles/pivots; timing manifest; mirror palette; in-game verification,current_contract
fighter_move,rook.command_fhp,Rook / Forward hammer,data/fighters/rook.json#/moves/20,fighters/rook/normals.png,"Original command_fhp key-pose direction; One canonical move, dedicated action silhouette; transitions may share compatible stance cels.","unique;startup[0,10);active[10,13);recovery[13,30);both facings;P1/P2 palette",assigned_design_reference,not_integrated,Draw startup/active/recovery and transitions; normalize pixel scale; transparent extraction; frame rectangles/pivots; timing manifest; mirror palette; in-game verification,current_contract
fighter_move,rook.leap_overhead,Rook / Leap strike,data/fighters/rook.json#/moves/21,fighters/rook/normals.png,"Original leap_overhead key-pose direction; One canonical move, dedicated action silhouette; transitions may share compatible stance cels.","unique;startup[0,17);active[17,20);recovery[20,39);both facings;P1/P2 palette",assigned_design_reference,not_integrated,Draw startup/active/recovery and transitions; normalize pixel scale; transparent extraction; frame rectangles/pivots; timing manifest; mirror palette; in-game verification,current_contract
fighter_move,rook.throw_forward,Rook / Forward throw,data/fighters/rook.json#/moves/22,fighters/rook/normals.png,"Original throw_forward key-pose direction; One canonical move, dedicated action silhouette; transitions may share compatible stance cels. Paired thrower/victim grabs, rotation and release must match canonical throw timeline; both fighter pairings and facings required.","unique;startup[0,3);active[3,5);recovery[5,29);both facings;P1/P2 palette",assigned_design_reference,not_integrated,Draw startup/active/recovery and transitions; normalize pixel scale; transparent extraction; frame rectangles/pivots; timing manifest; mirror palette; in-game verification,current_contract
fighter_move,rook.throw_back,Rook / Back throw,data/fighters/rook.json#/moves/23,fighters/rook/normals.png,"Original throw_back key-pose direction; One canonical move, dedicated action silhouette; transitions may share compatible stance cels. Paired thrower/victim grabs, rotation and release must match canonical throw timeline; both fighter pairings and facings required.","unique;startup[0,3);active[3,5);recovery[5,29);both facings;P1/P2 palette",assigned_design_reference,not_integrated,Draw startup/active/recovery and transitions; normalize pixel scale; transparent extraction; frame rectangles/pivots; timing manifest; mirror palette; in-game verification,current_contract
fighter_move,rook.pulse_l,Rook / Pulse shot L,data/fighters/rook.json#/moves/24,fighters/rook/techniques.png,"Original pulse key-pose direction; Family silhouette reference shared by L/M/H/EX; each variant needs its own cel-to-tick timeline, active pose/extension and follow-through. L compact, M expanded, H committed; EX has distinct twin-notch accent and authored multihit poses. Do not copy one complete clip for all variants. Caster recovery and projectile lifetime are separate; release at exact spawn_tick; no repeated spawn on loop.","l;startup[0,10);active[10,11);recovery[11,30);both facings;P1/P2 palette",assigned_design_reference,not_integrated,Draw startup/active/recovery and transitions; normalize pixel scale; transparent extraction; frame rectangles/pivots; timing manifest; mirror palette; in-game verification,current_contract
projectile,rook.pulse_l,Rook / Pulse shot L projectile,data/fighters/rook.json#/moves/24/projectile,effects/combat-atlas.png,Rook angular amber pulse core; ordinary/EX/super/return silhouettes distinct,spawn10;22000x22000milli;vx3000;life150;hits1;turnnone;left/right;P1/P2,assigned_design_reference,not_integrated,Create release/travel/contact/clash/dissipate cels and independent lifetime clock; extract projectile ID/move/age from read-only sim snapshot; honor canonical dimensions,current_contract
fighter_move,rook.pulse_m,Rook / Pulse shot M,data/fighters/rook.json#/moves/25,fighters/rook/techniques.png,"Original pulse key-pose direction; Family silhouette reference shared by L/M/H/EX; each variant needs its own cel-to-tick timeline, active pose/extension and follow-through. L compact, M expanded, H committed; EX has distinct twin-notch accent and authored multihit poses. Do not copy one complete clip for all variants. Caster recovery and projectile lifetime are separate; release at exact spawn_tick; no repeated spawn on loop.","m;startup[0,13);active[13,14);recovery[14,37);both facings;P1/P2 palette",assigned_design_reference,not_integrated,Draw startup/active/recovery and transitions; normalize pixel scale; transparent extraction; frame rectangles/pivots; timing manifest; mirror palette; in-game verification,current_contract
projectile,rook.pulse_m,Rook / Pulse shot M projectile,data/fighters/rook.json#/moves/25/projectile,effects/combat-atlas.png,Rook angular amber pulse core; ordinary/EX/super/return silhouettes distinct,spawn13;22000x22000milli;vx4000;life150;hits1;turnnone;left/right;P1/P2,assigned_design_reference,not_integrated,Create release/travel/contact/clash/dissipate cels and independent lifetime clock; extract projectile ID/move/age from read-only sim snapshot; honor canonical dimensions,current_contract
fighter_move,rook.pulse_h,Rook / Pulse shot H,data/fighters/rook.json#/moves/26,fighters/rook/techniques.png,"Original pulse key-pose direction; Family silhouette reference shared by L/M/H/EX; each variant needs its own cel-to-tick timeline, active pose/extension and follow-through. L compact, M expanded, H committed; EX has distinct twin-notch accent and authored multihit poses. Do not copy one complete clip for all variants. Caster recovery and projectile lifetime are separate; release at exact spawn_tick; no repeated spawn on loop.","h;startup[0,16);active[16,17);recovery[17,45);both facings;P1/P2 palette",assigned_design_reference,not_integrated,Draw startup/active/recovery and transitions; normalize pixel scale; transparent extraction; frame rectangles/pivots; timing manifest; mirror palette; in-game verification,current_contract
projectile,rook.pulse_h,Rook / Pulse shot H projectile,data/fighters/rook.json#/moves/26/projectile,effects/combat-atlas.png,Rook angular amber pulse core; ordinary/EX/super/return silhouettes distinct,spawn16;22000x22000milli;vx5000;life150;hits1;turnnone;left/right;P1/P2,assigned_design_reference,not_integrated,Create release/travel/contact/clash/dissipate cels and independent lifetime clock; extract projectile ID/move/age from read-only sim snapshot; honor canonical dimensions,current_contract
fighter_move,rook.pulse_ex,Rook / Pulse shot EX,data/fighters/rook.json#/moves/27,fighters/rook/techniques.png,"Original pulse key-pose direction; Family silhouette reference shared by L/M/H/EX; each variant needs its own cel-to-tick timeline, active pose/extension and follow-through. L compact, M expanded, H committed; EX has distinct twin-notch accent and authored multihit poses. Do not copy one complete clip for all variants. Caster recovery and projectile lifetime are separate; release at exact spawn_tick; no repeated spawn on loop.","ex;startup[0,8);active[8,9);recovery[9,33);both facings;P1/P2 palette",assigned_design_reference,not_integrated,Draw startup/active/recovery and transitions; normalize pixel scale; transparent extraction; frame rectangles/pivots; timing manifest; mirror palette; in-game verification,current_contract
projectile,rook.pulse_ex,Rook / Pulse shot EX projectile,data/fighters/rook.json#/moves/27/projectile,effects/combat-atlas.png,Rook angular amber pulse core; ordinary/EX/super/return silhouettes distinct,spawn8;22000x22000milli;vx5000;life150;hits2;turnnone;left/right;P1/P2,assigned_design_reference,not_integrated,Create release/travel/contact/clash/dissipate cels and independent lifetime clock; extract projectile ID/move/age from read-only sim snapshot; honor canonical dimensions,current_contract
fighter_move,rook.rise_l,Rook / Rising elbow L,data/fighters/rook.json#/moves/28,fighters/rook/techniques.png,"Original rise key-pose direction; Family silhouette reference shared by L/M/H/EX; each variant needs its own cel-to-tick timeline, active pose/extension and follow-through. L compact, M expanded, H committed; EX has distinct twin-notch accent and authored multihit poses. Do not copy one complete clip for all variants.","l;startup[0,4);active[4,9);recovery[9,28);both facings;P1/P2 palette",assigned_design_reference,not_integrated,Draw startup/active/recovery and transitions; normalize pixel scale; transparent extraction; frame rectangles/pivots; timing manifest; mirror palette; in-game verification,current_contract
fighter_move,rook.rise_m,Rook / Rising elbow M,data/fighters/rook.json#/moves/29,fighters/rook/techniques.png,"Original rise key-pose direction; Family silhouette reference shared by L/M/H/EX; each variant needs its own cel-to-tick timeline, active pose/extension and follow-through. L compact, M expanded, H committed; EX has distinct twin-notch accent and authored multihit poses. Do not copy one complete clip for all variants.","m;startup[0,6);active[6,11);recovery[11,34);both facings;P1/P2 palette",assigned_design_reference,not_integrated,Draw startup/active/recovery and transitions; normalize pixel scale; transparent extraction; frame rectangles/pivots; timing manifest; mirror palette; in-game verification,current_contract
fighter_move,rook.rise_h,Rook / Rising elbow H,data/fighters/rook.json#/moves/30,fighters/rook/techniques.png,"Original rise key-pose direction; Family silhouette reference shared by L/M/H/EX; each variant needs its own cel-to-tick timeline, active pose/extension and follow-through. L compact, M expanded, H committed; EX has distinct twin-notch accent and authored multihit poses. Do not copy one complete clip for all variants.","h;startup[0,8);active[8,13);recovery[13,41);both facings;P1/P2 palette",assigned_design_reference,not_integrated,Draw startup/active/recovery and transitions; normalize pixel scale; transparent extraction; frame rectangles/pivots; timing manifest; mirror palette; in-game verification,current_contract
fighter_move,rook.rise_ex,Rook / Rising elbow EX,data/fighters/rook.json#/moves/31,fighters/rook/techniques.png,"Original rise key-pose direction; Family silhouette reference shared by L/M/H/EX; each variant needs its own cel-to-tick timeline, active pose/extension and follow-through. L compact, M expanded, H committed; EX has distinct twin-notch accent and authored multihit poses. Do not copy one complete clip for all variants.","ex;startup[0,3);active[3,8);recovery[8,32);both facings;P1/P2 palette",assigned_design_reference,not_integrated,Draw startup/active/recovery and transitions; normalize pixel scale; transparent extraction; frame rectangles/pivots; timing manifest; mirror palette; in-game verification,current_contract
fighter_move,rook.knee_l,Rook / Traveling knee L,data/fighters/rook.json#/moves/32,fighters/rook/techniques.png,"Original knee key-pose direction; Family silhouette reference shared by L/M/H/EX; each variant needs its own cel-to-tick timeline, active pose/extension and follow-through. L compact, M expanded, H committed; EX has distinct twin-notch accent and authored multihit poses. Do not copy one complete clip for all variants.","l;startup[0,10);active[10,15);recovery[15,34);both facings;P1/P2 palette",assigned_design_reference,not_integrated,Draw startup/active/recovery and transitions; normalize pixel scale; transparent extraction; frame rectangles/pivots; timing manifest; mirror palette; in-game verification,current_contract
fighter_move,rook.knee_m,Rook / Traveling knee M,data/fighters/rook.json#/moves/33,fighters/rook/techniques.png,"Original knee key-pose direction; Family silhouette reference shared by L/M/H/EX; each variant needs its own cel-to-tick timeline, active pose/extension and follow-through. L compact, M expanded, H committed; EX has distinct twin-notch accent and authored multihit poses. Do not copy one complete clip for all variants.","m;startup[0,13);active[13,18);recovery[18,41);both facings;P1/P2 palette",assigned_design_reference,not_integrated,Draw startup/active/recovery and transitions; normalize pixel scale; transparent extraction; frame rectangles/pivots; timing manifest; mirror palette; in-game verification,current_contract
fighter_move,rook.knee_h,Rook / Traveling knee H,data/fighters/rook.json#/moves/34,fighters/rook/techniques.png,"Original knee key-pose direction; Family silhouette reference shared by L/M/H/EX; each variant needs its own cel-to-tick timeline, active pose/extension and follow-through. L compact, M expanded, H committed; EX has distinct twin-notch accent and authored multihit poses. Do not copy one complete clip for all variants.","h;startup[0,16);active[16,21);recovery[21,49);both facings;P1/P2 palette",assigned_design_reference,not_integrated,Draw startup/active/recovery and transitions; normalize pixel scale; transparent extraction; frame rectangles/pivots; timing manifest; mirror palette; in-game verification,current_contract
fighter_move,rook.knee_ex,Rook / Traveling knee EX,data/fighters/rook.json#/moves/35,fighters/rook/techniques.png,"Original knee key-pose direction; Family silhouette reference shared by L/M/H/EX; each variant needs its own cel-to-tick timeline, active pose/extension and follow-through. L compact, M expanded, H committed; EX has distinct twin-notch accent and authored multihit poses. Do not copy one complete clip for all variants.","ex;startup[0,8);active[8,13);recovery[13,37);both facings;P1/P2 palette",assigned_design_reference,not_integrated,Draw startup/active/recovery and transitions; normalize pixel scale; transparent extraction; frame rectangles/pivots; timing manifest; mirror palette; in-game verification,current_contract
fighter_move,rook.sway_l,Rook / Retreat palm L,data/fighters/rook.json#/moves/36,fighters/rook/techniques.png,"Original sway key-pose direction; Family silhouette reference shared by L/M/H/EX; each variant needs its own cel-to-tick timeline, active pose/extension and follow-through. L compact, M expanded, H committed; EX has distinct twin-notch accent and authored multihit poses. Do not copy one complete clip for all variants.","l;startup[0,10);active[10,15);recovery[15,34);both facings;P1/P2 palette",assigned_design_reference,not_integrated,Draw startup/active/recovery and transitions; normalize pixel scale; transparent extraction; frame rectangles/pivots; timing manifest; mirror palette; in-game verification,current_contract
fighter_move,rook.sway_m,Rook / Retreat palm M,data/fighters/rook.json#/moves/37,fighters/rook/techniques.png,"Original sway key-pose direction; Family silhouette reference shared by L/M/H/EX; each variant needs its own cel-to-tick timeline, active pose/extension and follow-through. L compact, M expanded, H committed; EX has distinct twin-notch accent and authored multihit poses. Do not copy one complete clip for all variants.","m;startup[0,13);active[13,18);recovery[18,41);both facings;P1/P2 palette",assigned_design_reference,not_integrated,Draw startup/active/recovery and transitions; normalize pixel scale; transparent extraction; frame rectangles/pivots; timing manifest; mirror palette; in-game verification,current_contract
fighter_move,rook.sway_h,Rook / Retreat palm H,data/fighters/rook.json#/moves/38,fighters/rook/techniques.png,"Original sway key-pose direction; Family silhouette reference shared by L/M/H/EX; each variant needs its own cel-to-tick timeline, active pose/extension and follow-through. L compact, M expanded, H committed; EX has distinct twin-notch accent and authored multihit poses. Do not copy one complete clip for all variants.","h;startup[0,16);active[16,21);recovery[21,49);both facings;P1/P2 palette",assigned_design_reference,not_integrated,Draw startup/active/recovery and transitions; normalize pixel scale; transparent extraction; frame rectangles/pivots; timing manifest; mirror palette; in-game verification,current_contract
fighter_move,rook.sway_ex,Rook / Retreat palm EX,data/fighters/rook.json#/moves/39,fighters/rook/techniques.png,"Original sway key-pose direction; Family silhouette reference shared by L/M/H/EX; each variant needs its own cel-to-tick timeline, active pose/extension and follow-through. L compact, M expanded, H committed; EX has distinct twin-notch accent and authored multihit poses. Do not copy one complete clip for all variants.","ex;startup[0,8);active[8,13);recovery[13,37);both facings;P1/P2 palette",assigned_design_reference,not_integrated,Draw startup/active/recovery and transitions; normalize pixel scale; transparent extraction; frame rectangles/pivots; timing manifest; mirror palette; in-game verification,current_contract
fighter_move,rook.super_1,Rook / Circuit Break,data/fighters/rook.json#/moves/40,fighters/rook/techniques.png,"Original super_1 key-pose direction; One canonical move, dedicated action silhouette; transitions may share compatible stance cels. Distinct named-super extreme; hold on simulation superfreeze; every authored hit group gets readable contact.","unique;startup[0,5);active[5,25);recovery[25,60);both facings;P1/P2 palette",assigned_design_reference,not_integrated,Draw startup/active/recovery and transitions; normalize pixel scale; transparent extraction; frame rectangles/pivots; timing manifest; mirror palette; in-game verification,current_contract
fighter_move,rook.super_2,Rook / Forge Impact,data/fighters/rook.json#/moves/41,fighters/rook/techniques.png,"Original super_2 key-pose direction; One canonical move, dedicated action silhouette; transitions may share compatible stance cels. Distinct named-super extreme; hold on simulation superfreeze; every authored hit group gets readable contact.","unique;startup[0,6);active[6,14);recovery[14,49);both facings;P1/P2 palette",assigned_design_reference,not_integrated,Draw startup/active/recovery and transitions; normalize pixel scale; transparent extraction; frame rectangles/pivots; timing manifest; mirror palette; in-game verification,current_contract
fighter_move,rook.super_3,Rook / Rush Cascade,data/fighters/rook.json#/moves/42,fighters/rook/techniques.png,"Original super_3 key-pose direction; One canonical move, dedicated action silhouette; transitions may share compatible stance cels. Distinct named-super extreme; hold on simulation superfreeze; every authored hit group gets readable contact.","unique;startup[0,7);active[7,19);recovery[19,54);both facings;P1/P2 palette",assigned_design_reference,not_integrated,Draw startup/active/recovery and transitions; normalize pixel scale; transparent extraction; frame rectangles/pivots; timing manifest; mirror palette; in-game verification,current_contract
fighter_move,rook.shop_clinch,Rook / Clinch entry,data/fighters/rook.json#/moves/43,fighters/rook/techniques.png,"Original shop_clinch key-pose direction; One canonical move, dedicated action silhouette; transitions may share compatible stance cels. Paired thrower/victim grabs, rotation and release must match canonical throw timeline; both fighter pairings and facings required. Lease pose must remain distinct from base command; gambits are committed feints without false invulnerability or hit effects.","unique;startup[0,12);active[12,15);recovery[15,38);both facings;P1/P2 palette",assigned_design_reference,not_integrated,Draw startup/active/recovery and transitions; normalize pixel scale; transparent extraction; frame rectangles/pivots; timing manifest; mirror palette; in-game verification,current_contract
fighter_move,rook.shop_low_drive,Rook / Low drive,data/fighters/rook.json#/moves/44,fighters/rook/techniques.png,"Original shop_low_drive key-pose direction; One canonical move, dedicated action silhouette; transitions may share compatible stance cels. Lease pose must remain distinct from base command; gambits are committed feints without false invulnerability or hit effects.","unique;startup[0,14);active[14,17);recovery[17,41);both facings;P1/P2 palette",assigned_design_reference,not_integrated,Draw startup/active/recovery and transitions; normalize pixel scale; transparent extraction; frame rectangles/pivots; timing manifest; mirror palette; in-game verification,current_contract
fighter_move,rook.shop_high_hook,Rook / High hook,data/fighters/rook.json#/moves/45,fighters/rook/techniques.png,"Original shop_high_hook key-pose direction; One canonical move, dedicated action silhouette; transitions may share compatible stance cels. Lease pose must remain distinct from base command; gambits are committed feints without false invulnerability or hit effects.","unique;startup[0,18);active[18,21);recovery[21,40);both facings;P1/P2 palette",assigned_design_reference,not_integrated,Draw startup/active/recovery and transitions; normalize pixel scale; transparent extraction; frame rectangles/pivots; timing manifest; mirror palette; in-game verification,current_contract
fighter_move,rook.shop_low_turn,Rook / Low turn,data/fighters/rook.json#/moves/46,fighters/rook/techniques.png,"Original shop_low_turn key-pose direction; One canonical move, dedicated action silhouette; transitions may share compatible stance cels. Lease pose must remain distinct from base command; gambits are committed feints without false invulnerability or hit effects.","unique;startup[0,14);active[14,17);recovery[17,41);both facings;P1/P2 palette",assigned_design_reference,not_integrated,Draw startup/active/recovery and transitions; normalize pixel scale; transparent extraction; frame rectangles/pivots; timing manifest; mirror palette; in-game verification,current_contract
fighter_move,rook.shop_step_feint,Rook / Step feint,data/fighters/rook.json#/moves/47,fighters/rook/techniques.png,"Original shop_step_feint key-pose direction; One canonical move, dedicated action silhouette; transitions may share compatible stance cels. Lease pose must remain distinct from base command; gambits are committed feints without false invulnerability or hit effects.","unique;startup[0,0);active[0,1);recovery[1,16);both facings;P1/P2 palette",assigned_design_reference,not_integrated,Draw startup/active/recovery and transitions; normalize pixel scale; transparent extraction; frame rectangles/pivots; timing manifest; mirror palette; in-game verification,current_contract
fighter_move,rook.shop_sway_feint,Rook / Sway feint,data/fighters/rook.json#/moves/48,fighters/rook/techniques.png,"Original shop_sway_feint key-pose direction; One canonical move, dedicated action silhouette; transitions may share compatible stance cels. Lease pose must remain distinct from base command; gambits are committed feints without false invulnerability or hit effects.","unique;startup[0,0);active[0,1);recovery[1,16);both facings;P1/P2 palette",assigned_design_reference,not_integrated,Draw startup/active/recovery and transitions; normalize pixel scale; transparent extraction; frame rectangles/pivots; timing manifest; mirror palette; in-game verification,current_contract
fighter_move,vale.s_lp,Vale / S LP,data/fighters/vale.json#/moves/0,fighters/vale/normals.png,"Original s_lp key-pose direction; One canonical move, dedicated action silhouette; transitions may share compatible stance cels.","lp;startup[0,3);active[3,5);recovery[5,12);both facings;P1/P2 palette",assigned_design_reference,not_integrated,Draw startup/active/recovery and transitions; normalize pixel scale; transparent extraction; frame rectangles/pivots; timing manifest; mirror palette; in-game verification,current_contract
fighter_move,vale.s_mp,Vale / S MP,data/fighters/vale.json#/moves/1,fighters/vale/normals.png,"Original s_mp key-pose direction; One canonical move, dedicated action silhouette; transitions may share compatible stance cels.","mp;startup[0,5);active[5,8);recovery[8,20);both facings;P1/P2 palette",assigned_design_reference,not_integrated,Draw startup/active/recovery and transitions; normalize pixel scale; transparent extraction; frame rectangles/pivots; timing manifest; mirror palette; in-game verification,current_contract
fighter_move,vale.s_hp,Vale / S HP,data/fighters/vale.json#/moves/2,fighters/vale/normals.png,"Original s_hp key-pose direction; One canonical move, dedicated action silhouette; transitions may share compatible stance cels.","hp;startup[0,8);active[8,12);recovery[12,31);both facings;P1/P2 palette",assigned_design_reference,not_integrated,Draw startup/active/recovery and transitions; normalize pixel scale; transparent extraction; frame rectangles/pivots; timing manifest; mirror palette; in-game verification,current_contract
fighter_move,vale.s_lk,Vale / S LK,data/fighters/vale.json#/moves/3,fighters/vale/normals.png,"Original s_lk key-pose direction; One canonical move, dedicated action silhouette; transitions may share compatible stance cels.","lk;startup[0,3);active[3,5);recovery[5,12);both facings;P1/P2 palette",assigned_design_reference,not_integrated,Draw startup/active/recovery and transitions; normalize pixel scale; transparent extraction; frame rectangles/pivots; timing manifest; mirror palette; in-game verification,current_contract
fighter_move,vale.s_mk,Vale / S MK,data/fighters/vale.json#/moves/4,fighters/vale/normals.png,"Original s_mk key-pose direction; One canonical move, dedicated action silhouette; transitions may share compatible stance cels.","mk;startup[0,5);active[5,8);recovery[8,20);both facings;P1/P2 palette",assigned_design_reference,not_integrated,Draw startup/active/recovery and transitions; normalize pixel scale; transparent extraction; frame rectangles/pivots; timing manifest; mirror palette; in-game verification,current_contract
fighter_move,vale.s_hk,Vale / S HK,data/fighters/vale.json#/moves/5,fighters/vale/normals.png,"Original s_hk key-pose direction; One canonical move, dedicated action silhouette; transitions may share compatible stance cels.","hk;startup[0,8);active[8,12);recovery[12,31);both facings;P1/P2 palette",assigned_design_reference,not_integrated,Draw startup/active/recovery and transitions; normalize pixel scale; transparent extraction; frame rectangles/pivots; timing manifest; mirror palette; in-game verification,current_contract
fighter_move,vale.c_lp,Vale / C LP,data/fighters/vale.json#/moves/6,fighters/vale/normals.png,"Original c_lp key-pose direction; One canonical move, dedicated action silhouette; transitions may share compatible stance cels.","lp;startup[0,3);active[3,5);recovery[5,12);both facings;P1/P2 palette",assigned_design_reference,not_integrated,Draw startup/active/recovery and transitions; normalize pixel scale; transparent extraction; frame rectangles/pivots; timing manifest; mirror palette; in-game verification,current_contract
fighter_move,vale.c_mp,Vale / C MP,data/fighters/vale.json#/moves/7,fighters/vale/normals.png,"Original c_mp key-pose direction; One canonical move, dedicated action silhouette; transitions may share compatible stance cels.","mp;startup[0,5);active[5,8);recovery[8,20);both facings;P1/P2 palette",assigned_design_reference,not_integrated,Draw startup/active/recovery and transitions; normalize pixel scale; transparent extraction; frame rectangles/pivots; timing manifest; mirror palette; in-game verification,current_contract
fighter_move,vale.c_hp,Vale / C HP,data/fighters/vale.json#/moves/8,fighters/vale/normals.png,"Original c_hp key-pose direction; One canonical move, dedicated action silhouette; transitions may share compatible stance cels.","hp;startup[0,8);active[8,12);recovery[12,31);both facings;P1/P2 palette",assigned_design_reference,not_integrated,Draw startup/active/recovery and transitions; normalize pixel scale; transparent extraction; frame rectangles/pivots; timing manifest; mirror palette; in-game verification,current_contract
fighter_move,vale.c_lk,Vale / C LK,data/fighters/vale.json#/moves/9,fighters/vale/normals.png,"Original c_lk key-pose direction; One canonical move, dedicated action silhouette; transitions may share compatible stance cels.","lk;startup[0,3);active[3,5);recovery[5,12);both facings;P1/P2 palette",assigned_design_reference,not_integrated,Draw startup/active/recovery and transitions; normalize pixel scale; transparent extraction; frame rectangles/pivots; timing manifest; mirror palette; in-game verification,current_contract
fighter_move,vale.c_mk,Vale / C MK,data/fighters/vale.json#/moves/10,fighters/vale/normals.png,"Original c_mk key-pose direction; One canonical move, dedicated action silhouette; transitions may share compatible stance cels.","mk;startup[0,5);active[5,8);recovery[8,20);both facings;P1/P2 palette",assigned_design_reference,not_integrated,Draw startup/active/recovery and transitions; normalize pixel scale; transparent extraction; frame rectangles/pivots; timing manifest; mirror palette; in-game verification,current_contract
fighter_move,vale.c_hk,Vale / C HK,data/fighters/vale.json#/moves/11,fighters/vale/normals.png,"Original c_hk key-pose direction; One canonical move, dedicated action silhouette; transitions may share compatible stance cels.","hk;startup[0,8);active[8,12);recovery[12,31);both facings;P1/P2 palette",assigned_design_reference,not_integrated,Draw startup/active/recovery and transitions; normalize pixel scale; transparent extraction; frame rectangles/pivots; timing manifest; mirror palette; in-game verification,current_contract
fighter_move,vale.j_lp,Vale / J LP,data/fighters/vale.json#/moves/12,fighters/vale/normals.png,"Original j_lp key-pose direction; One canonical move, dedicated action silhouette; transitions may share compatible stance cels.","lp;startup[0,3);active[3,5);recovery[5,12);both facings;P1/P2 palette",assigned_design_reference,not_integrated,Draw startup/active/recovery and transitions; normalize pixel scale; transparent extraction; frame rectangles/pivots; timing manifest; mirror palette; in-game verification,current_contract
fighter_move,vale.j_mp,Vale / J MP,data/fighters/vale.json#/moves/13,fighters/vale/normals.png,"Original j_mp key-pose direction; One canonical move, dedicated action silhouette; transitions may share compatible stance cels.","mp;startup[0,5);active[5,8);recovery[8,20);both facings;P1/P2 palette",assigned_design_reference,not_integrated,Draw startup/active/recovery and transitions; normalize pixel scale; transparent extraction; frame rectangles/pivots; timing manifest; mirror palette; in-game verification,current_contract
fighter_move,vale.j_hp,Vale / J HP,data/fighters/vale.json#/moves/14,fighters/vale/normals.png,"Original j_hp key-pose direction; One canonical move, dedicated action silhouette; transitions may share compatible stance cels.","hp;startup[0,8);active[8,12);recovery[12,31);both facings;P1/P2 palette",assigned_design_reference,not_integrated,Draw startup/active/recovery and transitions; normalize pixel scale; transparent extraction; frame rectangles/pivots; timing manifest; mirror palette; in-game verification,current_contract
fighter_move,vale.j_lk,Vale / J LK,data/fighters/vale.json#/moves/15,fighters/vale/normals.png,"Original j_lk key-pose direction; One canonical move, dedicated action silhouette; transitions may share compatible stance cels.","lk;startup[0,3);active[3,5);recovery[5,12);both facings;P1/P2 palette",assigned_design_reference,not_integrated,Draw startup/active/recovery and transitions; normalize pixel scale; transparent extraction; frame rectangles/pivots; timing manifest; mirror palette; in-game verification,current_contract
fighter_move,vale.j_mk,Vale / J MK,data/fighters/vale.json#/moves/16,fighters/vale/normals.png,"Original j_mk key-pose direction; One canonical move, dedicated action silhouette; transitions may share compatible stance cels.","mk;startup[0,5);active[5,8);recovery[8,20);both facings;P1/P2 palette",assigned_design_reference,not_integrated,Draw startup/active/recovery and transitions; normalize pixel scale; transparent extraction; frame rectangles/pivots; timing manifest; mirror palette; in-game verification,current_contract
fighter_move,vale.j_hk,Vale / J HK,data/fighters/vale.json#/moves/17,fighters/vale/normals.png,"Original j_hk key-pose direction; One canonical move, dedicated action silhouette; transitions may share compatible stance cels.","hk;startup[0,8);active[8,12);recovery[12,31);both facings;P1/P2 palette",assigned_design_reference,not_integrated,Draw startup/active/recovery and transitions; normalize pixel scale; transparent extraction; frame rectangles/pivots; timing manifest; mirror palette; in-game verification,current_contract
fighter_move,vale.close_mp,Vale / Close MP,data/fighters/vale.json#/moves/18,fighters/vale/normals.png;fighters/vale/supplemental.png,"Original close_mp key-pose direction; One canonical move, dedicated action silhouette; transitions may share compatible stance cels.","mp;startup[0,4);active[4,7);recovery[7,17);both facings;P1/P2 palette",assigned_design_reference,not_integrated,Draw startup/active/recovery and transitions; normalize pixel scale; transparent extraction; frame rectangles/pivots; timing manifest; mirror palette; in-game verification,current_contract
fighter_move,vale.close_hp,Vale / Close HP,data/fighters/vale.json#/moves/19,fighters/vale/normals.png;fighters/vale/supplemental.png,"Original close_hp key-pose direction; One canonical move, dedicated action silhouette; transitions may share compatible stance cels.","hp;startup[0,6);active[6,9);recovery[9,19);both facings;P1/P2 palette",assigned_design_reference,not_integrated,Draw startup/active/recovery and transitions; normalize pixel scale; transparent extraction; frame rectangles/pivots; timing manifest; mirror palette; in-game verification,current_contract
fighter_move,vale.command_fhp,Vale / Long heel,data/fighters/vale.json#/moves/20,fighters/vale/normals.png,"Original command_fhp key-pose direction; One canonical move, dedicated action silhouette; transitions may share compatible stance cels.","unique;startup[0,10);active[10,13);recovery[13,30);both facings;P1/P2 palette",assigned_design_reference,not_integrated,Draw startup/active/recovery and transitions; normalize pixel scale; transparent extraction; frame rectangles/pivots; timing manifest; mirror palette; in-game verification,current_contract
fighter_move,vale.leap_overhead,Vale / Leap strike,data/fighters/vale.json#/moves/21,fighters/vale/normals.png,"Original leap_overhead key-pose direction; One canonical move, dedicated action silhouette; transitions may share compatible stance cels.","unique;startup[0,17);active[17,20);recovery[20,39);both facings;P1/P2 palette",assigned_design_reference,not_integrated,Draw startup/active/recovery and transitions; normalize pixel scale; transparent extraction; frame rectangles/pivots; timing manifest; mirror palette; in-game verification,current_contract
fighter_move,vale.throw_forward,Vale / Forward throw,data/fighters/vale.json#/moves/22,fighters/vale/normals.png,"Original throw_forward key-pose direction; One canonical move, dedicated action silhouette; transitions may share compatible stance cels. Paired thrower/victim grabs, rotation and release must match canonical throw timeline; both fighter pairings and facings required.","unique;startup[0,3);active[3,5);recovery[5,29);both facings;P1/P2 palette",assigned_design_reference,not_integrated,Draw startup/active/recovery and transitions; normalize pixel scale; transparent extraction; frame rectangles/pivots; timing manifest; mirror palette; in-game verification,current_contract
fighter_move,vale.throw_back,Vale / Back throw,data/fighters/vale.json#/moves/23,fighters/vale/normals.png,"Original throw_back key-pose direction; One canonical move, dedicated action silhouette; transitions may share compatible stance cels. Paired thrower/victim grabs, rotation and release must match canonical throw timeline; both fighter pairings and facings required.","unique;startup[0,3);active[3,5);recovery[5,29);both facings;P1/P2 palette",assigned_design_reference,not_integrated,Draw startup/active/recovery and transitions; normalize pixel scale; transparent extraction; frame rectangles/pivots; timing manifest; mirror palette; in-game verification,current_contract
fighter_move,vale.pulse_l,Vale / Charge pulse L,data/fighters/vale.json#/moves/24,fighters/vale/techniques.png,"Original pulse key-pose direction; Family silhouette reference shared by L/M/H/EX; each variant needs its own cel-to-tick timeline, active pose/extension and follow-through. L compact, M expanded, H committed; EX has distinct twin-notch accent and authored multihit poses. Do not copy one complete clip for all variants. Caster recovery and projectile lifetime are separate; release at exact spawn_tick; no repeated spawn on loop.","l;startup[0,10);active[10,11);recovery[11,30);both facings;P1/P2 palette",assigned_design_reference,not_integrated,Draw startup/active/recovery and transitions; normalize pixel scale; transparent extraction; frame rectangles/pivots; timing manifest; mirror palette; in-game verification,current_contract
projectile,vale.pulse_l,Vale / Charge pulse L projectile,data/fighters/vale.json#/moves/24/projectile,effects/combat-atlas.png,Vale segmented teal crescent pulse; ordinary/EX/super/return silhouettes distinct,spawn10;22000x22000milli;vx3000;life150;hits1;turnnone;left/right;P1/P2,assigned_design_reference,not_integrated,Create release/travel/contact/clash/dissipate cels and independent lifetime clock; extract projectile ID/move/age from read-only sim snapshot; honor canonical dimensions,current_contract
fighter_move,vale.pulse_m,Vale / Charge pulse M,data/fighters/vale.json#/moves/25,fighters/vale/techniques.png,"Original pulse key-pose direction; Family silhouette reference shared by L/M/H/EX; each variant needs its own cel-to-tick timeline, active pose/extension and follow-through. L compact, M expanded, H committed; EX has distinct twin-notch accent and authored multihit poses. Do not copy one complete clip for all variants. Caster recovery and projectile lifetime are separate; release at exact spawn_tick; no repeated spawn on loop.","m;startup[0,13);active[13,14);recovery[14,37);both facings;P1/P2 palette",assigned_design_reference,not_integrated,Draw startup/active/recovery and transitions; normalize pixel scale; transparent extraction; frame rectangles/pivots; timing manifest; mirror palette; in-game verification,current_contract
projectile,vale.pulse_m,Vale / Charge pulse M projectile,data/fighters/vale.json#/moves/25/projectile,effects/combat-atlas.png,Vale segmented teal crescent pulse; ordinary/EX/super/return silhouettes distinct,spawn13;22000x22000milli;vx4000;life150;hits1;turnnone;left/right;P1/P2,assigned_design_reference,not_integrated,Create release/travel/contact/clash/dissipate cels and independent lifetime clock; extract projectile ID/move/age from read-only sim snapshot; honor canonical dimensions,current_contract
fighter_move,vale.pulse_h,Vale / Charge pulse H,data/fighters/vale.json#/moves/26,fighters/vale/techniques.png,"Original pulse key-pose direction; Family silhouette reference shared by L/M/H/EX; each variant needs its own cel-to-tick timeline, active pose/extension and follow-through. L compact, M expanded, H committed; EX has distinct twin-notch accent and authored multihit poses. Do not copy one complete clip for all variants. Caster recovery and projectile lifetime are separate; release at exact spawn_tick; no repeated spawn on loop.","h;startup[0,16);active[16,17);recovery[17,45);both facings;P1/P2 palette",assigned_design_reference,not_integrated,Draw startup/active/recovery and transitions; normalize pixel scale; transparent extraction; frame rectangles/pivots; timing manifest; mirror palette; in-game verification,current_contract
projectile,vale.pulse_h,Vale / Charge pulse H projectile,data/fighters/vale.json#/moves/26/projectile,effects/combat-atlas.png,Vale segmented teal crescent pulse; ordinary/EX/super/return silhouettes distinct,spawn16;22000x22000milli;vx5000;life150;hits1;turnnone;left/right;P1/P2,assigned_design_reference,not_integrated,Create release/travel/contact/clash/dissipate cels and independent lifetime clock; extract projectile ID/move/age from read-only sim snapshot; honor canonical dimensions,current_contract
fighter_move,vale.pulse_ex,Vale / Charge pulse EX,data/fighters/vale.json#/moves/27,fighters/vale/techniques.png,"Original pulse key-pose direction; Family silhouette reference shared by L/M/H/EX; each variant needs its own cel-to-tick timeline, active pose/extension and follow-through. L compact, M expanded, H committed; EX has distinct twin-notch accent and authored multihit poses. Do not copy one complete clip for all variants. Caster recovery and projectile lifetime are separate; release at exact spawn_tick; no repeated spawn on loop.","ex;startup[0,8);active[8,9);recovery[9,33);both facings;P1/P2 palette",assigned_design_reference,not_integrated,Draw startup/active/recovery and transitions; normalize pixel scale; transparent extraction; frame rectangles/pivots; timing manifest; mirror palette; in-game verification,current_contract
projectile,vale.pulse_ex,Vale / Charge pulse EX projectile,data/fighters/vale.json#/moves/27/projectile,effects/combat-atlas.png,Vale segmented teal crescent pulse; ordinary/EX/super/return silhouettes distinct,spawn8;22000x22000milli;vx5000;life150;hits2;turnnone;left/right;P1/P2,assigned_design_reference,not_integrated,Create release/travel/contact/clash/dissipate cels and independent lifetime clock; extract projectile ID/move/age from read-only sim snapshot; honor canonical dimensions,current_contract
fighter_move,vale.rise_l,Vale / Rising heel L,data/fighters/vale.json#/moves/28,fighters/vale/techniques.png,"Original rise key-pose direction; Family silhouette reference shared by L/M/H/EX; each variant needs its own cel-to-tick timeline, active pose/extension and follow-through. L compact, M expanded, H committed; EX has distinct twin-notch accent and authored multihit poses. Do not copy one complete clip for all variants.","l;startup[0,4);active[4,9);recovery[9,28);both facings;P1/P2 palette",assigned_design_reference,not_integrated,Draw startup/active/recovery and transitions; normalize pixel scale; transparent extraction; frame rectangles/pivots; timing manifest; mirror palette; in-game verification,current_contract
fighter_move,vale.rise_m,Vale / Rising heel M,data/fighters/vale.json#/moves/29,fighters/vale/techniques.png,"Original rise key-pose direction; Family silhouette reference shared by L/M/H/EX; each variant needs its own cel-to-tick timeline, active pose/extension and follow-through. L compact, M expanded, H committed; EX has distinct twin-notch accent and authored multihit poses. Do not copy one complete clip for all variants.","m;startup[0,6);active[6,11);recovery[11,34);both facings;P1/P2 palette",assigned_design_reference,not_integrated,Draw startup/active/recovery and transitions; normalize pixel scale; transparent extraction; frame rectangles/pivots; timing manifest; mirror palette; in-game verification,current_contract
fighter_move,vale.rise_h,Vale / Rising heel H,data/fighters/vale.json#/moves/30,fighters/vale/techniques.png,"Original rise key-pose direction; Family silhouette reference shared by L/M/H/EX; each variant needs its own cel-to-tick timeline, active pose/extension and follow-through. L compact, M expanded, H committed; EX has distinct twin-notch accent and authored multihit poses. Do not copy one complete clip for all variants.","h;startup[0,8);active[8,13);recovery[13,41);both facings;P1/P2 palette",assigned_design_reference,not_integrated,Draw startup/active/recovery and transitions; normalize pixel scale; transparent extraction; frame rectangles/pivots; timing manifest; mirror palette; in-game verification,current_contract
fighter_move,vale.rise_ex,Vale / Rising heel EX,data/fighters/vale.json#/moves/31,fighters/vale/techniques.png,"Original rise key-pose direction; Family silhouette reference shared by L/M/H/EX; each variant needs its own cel-to-tick timeline, active pose/extension and follow-through. L compact, M expanded, H committed; EX has distinct twin-notch accent and authored multihit poses. Do not copy one complete clip for all variants.","ex;startup[0,3);active[3,8);recovery[8,32);both facings;P1/P2 palette",assigned_design_reference,not_integrated,Draw startup/active/recovery and transitions; normalize pixel scale; transparent extraction; frame rectangles/pivots; timing manifest; mirror palette; in-game verification,current_contract
fighter_move,vale.palm_l,Vale / Turn palm L,data/fighters/vale.json#/moves/32,fighters/vale/techniques.png,"Original palm key-pose direction; Family silhouette reference shared by L/M/H/EX; each variant needs its own cel-to-tick timeline, active pose/extension and follow-through. L compact, M expanded, H committed; EX has distinct twin-notch accent and authored multihit poses. Do not copy one complete clip for all variants.","l;startup[0,10);active[10,15);recovery[15,34);both facings;P1/P2 palette",assigned_design_reference,not_integrated,Draw startup/active/recovery and transitions; normalize pixel scale; transparent extraction; frame rectangles/pivots; timing manifest; mirror palette; in-game verification,current_contract
fighter_move,vale.palm_m,Vale / Turn palm M,data/fighters/vale.json#/moves/33,fighters/vale/techniques.png,"Original palm key-pose direction; Family silhouette reference shared by L/M/H/EX; each variant needs its own cel-to-tick timeline, active pose/extension and follow-through. L compact, M expanded, H committed; EX has distinct twin-notch accent and authored multihit poses. Do not copy one complete clip for all variants.","m;startup[0,13);active[13,18);recovery[18,41);both facings;P1/P2 palette",assigned_design_reference,not_integrated,Draw startup/active/recovery and transitions; normalize pixel scale; transparent extraction; frame rectangles/pivots; timing manifest; mirror palette; in-game verification,current_contract
fighter_move,vale.palm_h,Vale / Turn palm H,data/fighters/vale.json#/moves/34,fighters/vale/techniques.png,"Original palm key-pose direction; Family silhouette reference shared by L/M/H/EX; each variant needs its own cel-to-tick timeline, active pose/extension and follow-through. L compact, M expanded, H committed; EX has distinct twin-notch accent and authored multihit poses. Do not copy one complete clip for all variants.","h;startup[0,16);active[16,21);recovery[21,49);both facings;P1/P2 palette",assigned_design_reference,not_integrated,Draw startup/active/recovery and transitions; normalize pixel scale; transparent extraction; frame rectangles/pivots; timing manifest; mirror palette; in-game verification,current_contract
fighter_move,vale.palm_ex,Vale / Turn palm EX,data/fighters/vale.json#/moves/35,fighters/vale/techniques.png,"Original palm key-pose direction; Family silhouette reference shared by L/M/H/EX; each variant needs its own cel-to-tick timeline, active pose/extension and follow-through. L compact, M expanded, H committed; EX has distinct twin-notch accent and authored multihit poses. Do not copy one complete clip for all variants.","ex;startup[0,8);active[8,13);recovery[13,37);both facings;P1/P2 palette",assigned_design_reference,not_integrated,Draw startup/active/recovery and transitions; normalize pixel scale; transparent extraction; frame rectangles/pivots; timing manifest; mirror palette; in-game verification,current_contract
fighter_move,vale.heel_l,Vale / Retreat heel L,data/fighters/vale.json#/moves/36,fighters/vale/techniques.png,"Original heel key-pose direction; Family silhouette reference shared by L/M/H/EX; each variant needs its own cel-to-tick timeline, active pose/extension and follow-through. L compact, M expanded, H committed; EX has distinct twin-notch accent and authored multihit poses. Do not copy one complete clip for all variants.","l;startup[0,10);active[10,15);recovery[15,34);both facings;P1/P2 palette",assigned_design_reference,not_integrated,Draw startup/active/recovery and transitions; normalize pixel scale; transparent extraction; frame rectangles/pivots; timing manifest; mirror palette; in-game verification,current_contract
fighter_move,vale.heel_m,Vale / Retreat heel M,data/fighters/vale.json#/moves/37,fighters/vale/techniques.png,"Original heel key-pose direction; Family silhouette reference shared by L/M/H/EX; each variant needs its own cel-to-tick timeline, active pose/extension and follow-through. L compact, M expanded, H committed; EX has distinct twin-notch accent and authored multihit poses. Do not copy one complete clip for all variants.","m;startup[0,13);active[13,18);recovery[18,41);both facings;P1/P2 palette",assigned_design_reference,not_integrated,Draw startup/active/recovery and transitions; normalize pixel scale; transparent extraction; frame rectangles/pivots; timing manifest; mirror palette; in-game verification,current_contract
fighter_move,vale.heel_h,Vale / Retreat heel H,data/fighters/vale.json#/moves/38,fighters/vale/techniques.png,"Original heel key-pose direction; Family silhouette reference shared by L/M/H/EX; each variant needs its own cel-to-tick timeline, active pose/extension and follow-through. L compact, M expanded, H committed; EX has distinct twin-notch accent and authored multihit poses. Do not copy one complete clip for all variants.","h;startup[0,16);active[16,21);recovery[21,49);both facings;P1/P2 palette",assigned_design_reference,not_integrated,Draw startup/active/recovery and transitions; normalize pixel scale; transparent extraction; frame rectangles/pivots; timing manifest; mirror palette; in-game verification,current_contract
fighter_move,vale.heel_ex,Vale / Retreat heel EX,data/fighters/vale.json#/moves/39,fighters/vale/techniques.png,"Original heel key-pose direction; Family silhouette reference shared by L/M/H/EX; each variant needs its own cel-to-tick timeline, active pose/extension and follow-through. L compact, M expanded, H committed; EX has distinct twin-notch accent and authored multihit poses. Do not copy one complete clip for all variants.","ex;startup[0,8);active[8,13);recovery[13,37);both facings;P1/P2 palette",assigned_design_reference,not_integrated,Draw startup/active/recovery and transitions; normalize pixel scale; transparent extraction; frame rectangles/pivots; timing manifest; mirror palette; in-game verification,current_contract
fighter_move,vale.super_1,Vale / Rising Current,data/fighters/vale.json#/moves/40,fighters/vale/techniques.png,"Original super_1 key-pose direction; One canonical move, dedicated action silhouette; transitions may share compatible stance cels. Distinct named-super extreme; hold on simulation superfreeze; every authored hit group gets readable contact.","unique;startup[0,5);active[5,25);recovery[25,60);both facings;P1/P2 palette",assigned_design_reference,not_integrated,Draw startup/active/recovery and transitions; normalize pixel scale; transparent extraction; frame rectangles/pivots; timing manifest; mirror palette; in-game verification,current_contract
fighter_move,vale.super_2,Vale / Crosswind,data/fighters/vale.json#/moves/41,fighters/vale/techniques.png,"Original super_2 key-pose direction; One canonical move, dedicated action silhouette; transitions may share compatible stance cels. Caster recovery and projectile lifetime are separate; release at exact spawn_tick; no repeated spawn on loop. Distinct named-super extreme; hold on simulation superfreeze; every authored hit group gets readable contact.","unique;startup[0,6);active[6,14);recovery[14,49);both facings;P1/P2 palette",assigned_design_reference,not_integrated,Draw startup/active/recovery and transitions; normalize pixel scale; transparent extraction; frame rectangles/pivots; timing manifest; mirror palette; in-game verification,current_contract
projectile,vale.super_2,Vale / Crosswind projectile,data/fighters/vale.json#/moves/41/projectile,effects/combat-atlas.png,Vale segmented teal crescent pulse; ordinary/EX/super/return silhouettes distinct,spawn6;46000x55000milli;vx4800;life120;hits4;turnnone;left/right;P1/P2,assigned_design_reference,not_integrated,Create release/travel/contact/clash/dissipate cels and independent lifetime clock; extract projectile ID/move/age from read-only sim snapshot; honor canonical dimensions,current_contract
fighter_move,vale.super_3,Vale / Tidal Step,data/fighters/vale.json#/moves/42,fighters/vale/techniques.png,"Original super_3 key-pose direction; One canonical move, dedicated action silhouette; transitions may share compatible stance cels. Distinct named-super extreme; hold on simulation superfreeze; every authored hit group gets readable contact.","unique;startup[0,7);active[7,19);recovery[19,54);both facings;P1/P2 palette",assigned_design_reference,not_integrated,Draw startup/active/recovery and transitions; normalize pixel scale; transparent extraction; frame rectangles/pivots; timing manifest; mirror palette; in-game verification,current_contract
fighter_move,vale.shop_return_pulse,Vale / Returning pulse,data/fighters/vale.json#/moves/43,fighters/vale/techniques.png,"Original shop_return_pulse key-pose direction; One canonical move, dedicated action silhouette; transitions may share compatible stance cels. Caster recovery and projectile lifetime are separate; release at exact spawn_tick; no repeated spawn on loop. Lease pose must remain distinct from base command; gambits are committed feints without false invulnerability or hit effects.","unique;startup[0,22);active[22,25);recovery[25,48);both facings;P1/P2 palette",assigned_design_reference,not_integrated,Draw startup/active/recovery and transitions; normalize pixel scale; transparent extraction; frame rectangles/pivots; timing manifest; mirror palette; in-game verification,current_contract
projectile,vale.shop_return_pulse,Vale / Returning pulse projectile,data/fighters/vale.json#/moves/43/projectile,effects/combat-atlas.png,Vale segmented teal crescent pulse; ordinary/EX/super/return silhouettes distinct,spawn22;24000x24000milli;vx2200;life110;hits1;turn45;left/right;P1/P2,assigned_design_reference,not_integrated,Create release/travel/contact/clash/dissipate cels and independent lifetime clock; extract projectile ID/move/age from read-only sim snapshot; honor canonical dimensions,current_contract
fighter_move,vale.shop_low_palm,Vale / Low palm,data/fighters/vale.json#/moves/44,fighters/vale/techniques.png,"Original shop_low_palm key-pose direction; One canonical move, dedicated action silhouette; transitions may share compatible stance cels. Lease pose must remain distinct from base command; gambits are committed feints without false invulnerability or hit effects.","unique;startup[0,14);active[14,17);recovery[17,41);both facings;P1/P2 palette",assigned_design_reference,not_integrated,Draw startup/active/recovery and transitions; normalize pixel scale; transparent extraction; frame rectangles/pivots; timing manifest; mirror palette; in-game verification,current_contract
fighter_move,vale.shop_heel_arc,Vale / Heel arc,data/fighters/vale.json#/moves/45,fighters/vale/techniques.png,"Original shop_heel_arc key-pose direction; One canonical move, dedicated action silhouette; transitions may share compatible stance cels. Lease pose must remain distinct from base command; gambits are committed feints without false invulnerability or hit effects.","unique;startup[0,18);active[18,21);recovery[21,40);both facings;P1/P2 palette",assigned_design_reference,not_integrated,Draw startup/active/recovery and transitions; normalize pixel scale; transparent extraction; frame rectangles/pivots; timing manifest; mirror palette; in-game verification,current_contract
fighter_move,vale.shop_long_check,Vale / Long check,data/fighters/vale.json#/moves/46,fighters/vale/techniques.png,"Original shop_long_check key-pose direction; One canonical move, dedicated action silhouette; transitions may share compatible stance cels. Lease pose must remain distinct from base command; gambits are committed feints without false invulnerability or hit effects.","unique;startup[0,14);active[14,17);recovery[17,36);both facings;P1/P2 palette",assigned_design_reference,not_integrated,Draw startup/active/recovery and transitions; normalize pixel scale; transparent extraction; frame rectangles/pivots; timing manifest; mirror palette; in-game verification,current_contract
fighter_move,vale.shop_step_feint,Vale / Step feint,data/fighters/vale.json#/moves/47,fighters/vale/techniques.png,"Original shop_step_feint key-pose direction; One canonical move, dedicated action silhouette; transitions may share compatible stance cels. Lease pose must remain distinct from base command; gambits are committed feints without false invulnerability or hit effects.","unique;startup[0,0);active[0,1);recovery[1,16);both facings;P1/P2 palette",assigned_design_reference,not_integrated,Draw startup/active/recovery and transitions; normalize pixel scale; transparent extraction; frame rectangles/pivots; timing manifest; mirror palette; in-game verification,current_contract
fighter_move,vale.shop_sway_feint,Vale / Sway feint,data/fighters/vale.json#/moves/48,fighters/vale/techniques.png,"Original shop_sway_feint key-pose direction; One canonical move, dedicated action silhouette; transitions may share compatible stance cels. Lease pose must remain distinct from base command; gambits are committed feints without false invulnerability or hit effects.","unique;startup[0,0);active[0,1);recovery[1,16);both facings;P1/P2 palette",assigned_design_reference,not_integrated,Draw startup/active/recovery and transitions; normalize pixel scale; transparent extraction; frame rectangles/pivots; timing manifest; mirror palette; in-game verification,current_contract
lease_icon,rook_clinch,Clinch entry,data/items.json,ui/lease-icons.png,Original pictogram for Clinch entry; signature slot frame; 900 CR shown as text,rook;shop_clinch;replacesnone;one round;zero activation cost,assigned_design_reference,not_integrated,Extract exact icon; produce 16/24/32px legible versions; empty/selected/locked/unaffordable states; confirm canonical item-to-move mapping,current_contract
lease_icon,rook_low_drive,Low drive,data/items.json,ui/lease-icons.png,Original pictogram for Low drive; signature slot frame; 900 CR shown as text,rook;shop_low_drive;replacesnone;one round;zero activation cost,assigned_design_reference,not_integrated,Extract exact icon; produce 16/24/32px legible versions; empty/selected/locked/unaffordable states; confirm canonical item-to-move mapping,current_contract
lease_icon,rook_high_hook,High hook,data/items.json,ui/lease-icons.png,Original pictogram for High hook; technique slot frame; 600 CR shown as text,rook;shop_high_hook;replacescommand_fhp;one round;zero activation cost,assigned_design_reference,not_integrated,Extract exact icon; produce 16/24/32px legible versions; empty/selected/locked/unaffordable states; confirm canonical item-to-move mapping,current_contract
lease_icon,rook_low_turn,Low turn,data/items.json,ui/lease-icons.png,Original pictogram for Low turn; technique slot frame; 600 CR shown as text,rook;shop_low_turn;replacescommand_fhp;one round;zero activation cost,assigned_design_reference,not_integrated,Extract exact icon; produce 16/24/32px legible versions; empty/selected/locked/unaffordable states; confirm canonical item-to-move mapping,current_contract
lease_icon,rook_step_feint,Step feint,data/items.json,ui/lease-icons.png,Original pictogram for Step feint; gambit slot frame; 300 CR shown as text,rook;shop_step_feint;replacesnone;one round;zero activation cost,assigned_design_reference,not_integrated,Extract exact icon; produce 16/24/32px legible versions; empty/selected/locked/unaffordable states; confirm canonical item-to-move mapping,current_contract
lease_icon,rook_sway_feint,Sway feint,data/items.json,ui/lease-icons.png,Original pictogram for Sway feint; gambit slot frame; 300 CR shown as text,rook;shop_sway_feint;replacesnone;one round;zero activation cost,assigned_design_reference,not_integrated,Extract exact icon; produce 16/24/32px legible versions; empty/selected/locked/unaffordable states; confirm canonical item-to-move mapping,current_contract
lease_icon,vale_return_pulse,Returning pulse,data/items.json,ui/lease-icons.png,Original pictogram for Returning pulse; signature slot frame; 900 CR shown as text,vale;shop_return_pulse;replacesnone;one round;zero activation cost,assigned_design_reference,not_integrated,Extract exact icon; produce 16/24/32px legible versions; empty/selected/locked/unaffordable states; confirm canonical item-to-move mapping,current_contract
lease_icon,vale_low_palm,Low palm,data/items.json,ui/lease-icons.png,Original pictogram for Low palm; signature slot frame; 900 CR shown as text,vale;shop_low_palm;replacesnone;one round;zero activation cost,assigned_design_reference,not_integrated,Extract exact icon; produce 16/24/32px legible versions; empty/selected/locked/unaffordable states; confirm canonical item-to-move mapping,current_contract
lease_icon,vale_heel_arc,Heel arc,data/items.json,ui/lease-icons.png,Original pictogram for Heel arc; technique slot frame; 600 CR shown as text,vale;shop_heel_arc;replacescommand_fhp;one round;zero activation cost,assigned_design_reference,not_integrated,Extract exact icon; produce 16/24/32px legible versions; empty/selected/locked/unaffordable states; confirm canonical item-to-move mapping,current_contract
lease_icon,vale_long_check,Long check,data/items.json,ui/lease-icons.png,Original pictogram for Long check; technique slot frame; 600 CR shown as text,vale;shop_long_check;replacescommand_fhp;one round;zero activation cost,assigned_design_reference,not_integrated,Extract exact icon; produce 16/24/32px legible versions; empty/selected/locked/unaffordable states; confirm canonical item-to-move mapping,current_contract
lease_icon,vale_step_feint,Step feint,data/items.json,ui/lease-icons.png,Original pictogram for Step feint; gambit slot frame; 300 CR shown as text,vale;shop_step_feint;replacesnone;one round;zero activation cost,assigned_design_reference,not_integrated,Extract exact icon; produce 16/24/32px legible versions; empty/selected/locked/unaffordable states; confirm canonical item-to-move mapping,current_contract
lease_icon,vale_sway_feint,Sway feint,data/items.json,ui/lease-icons.png,Original pictogram for Sway feint; gambit slot frame; 300 CR shown as text,vale;shop_sway_feint;replacesnone;one round;zero activation cost,assigned_design_reference,not_integrated,Extract exact icon; produce 16/24/32px legible versions; empty/selected/locked/unaffordable states; confirm canonical item-to-move mapping,current_contract
